month,DSP,Dinophysis caudata,Dinophysis fortii,Phalacroma rotundatum,Dinophysis sacculus,Dinophysis tripos,sun [h],air temp,wind strength,precipitation,salinity,T,Soca
10,70.0,0.0,20.0,30.0,0.0,0.0,112.6,15.423809523809526,3.8380952380952387,242.20000000000005,37.8300018310547,23.6800003051758,6575.720000000001
10,10.0,0.0,10.0,0.0,0.0,0.0,126.09999999999998,18.604761904761908,3.3285714285714287,87.19999999999999,37.36,24.28,1898.342
5,30.0,0.0,0.0,10.0,20.0,0.0,102.0,13.166666666666666,3.5238095238095246,118.39999999999999,38.09,12.34,3998.0529999999994
3,30.0,0.0,10.0,10.0,0.0,0.0,118.2,8.942857142857143,3.023809523809524,49.699999999999996,37.93,8.68,4265.7789999999995
8,20.0,10.0,0.0,10.0,0.0,0.0,228.89999999999998,23.942857142857143,3.1238095238095234,40.5,36.82,25.13,1251.6920000000002
6,20.0,10.0,0.0,0.0,10.0,0.0,217.70000000000002,22.895238095238092,2.9,0.0,37.51,19.8,1837.8400000000001
6,10.0,0.0,0.0,0.0,10.0,0.0,245.1,24.45714285714286,2.7714285714285714,8.8,34.63,23.63,3927.252
6,30.0,0.0,0.0,10.0,20.0,0.0,204.99999999999997,19.495238095238097,2.961904761904762,29.4,36.71,17.66,2188.205
9,20.0,0.0,10.0,10.0,0.0,0.0,211.90000000000003,22.385714285714286,3.0476190476190474,22.5,36.74,25.76,1705.3039999999996
5,70.0,0.0,0.0,10.0,30.0,0.0,147.6,17.442857142857143,2.7571428571428567,56.5,36.92,14.64,5898.1759999999995
10,10.0,0.0,0.0,10.0,0.0,0.0,152.79999999999998,15.490476190476189,3.3999999999999995,203.10000000000002,38.0,20.9,3375.989
10,0.0,0.0,0.0,0.0,0.0,0.0,99.4,13.933333333333332,2.8666666666666667,51.300000000000004,35.38,17.27,4747.222
5,20.0,0.0,0.0,0.0,20.4,0.0,202.5,17.35714285714286,2.7571428571428576,0.3,37.44,17.45,1405.8129999999999
9,40.0,0.0,10.0,10.0,0.0,0.0,153.0,19.738095238095244,3.2190476190476187,78.9,37.28,26.55,1100.9759999999999
11,180.0,0.0,130.0,20.0,0.0,0.0,136.4,11.542857142857143,3.0904761904761906,17.6,37.8600006103516,17.4099998474121,1906.5599999999997
4,0.0,0.0,0.0,0.0,0.0,0.0,131.6,9.385714285714286,3.4380952380952374,23.3,35.06,10.28,6725.731
8,1460.0,741.0,382.0,56.99999999999999,234.0,0.0,244.00000000000006,24.533333333333335,3.3523809523809525,2.4,35.28,25.52,1763.9450000000004
10,40.0,40.0,0.0,0.0,0.0,0.0,138.50000000000003,15.63809523809524,2.985714285714286,18.5,37.5,19.91,1428.2500000000002
10,30.0,0.0,0.0,10.0,0.0,0.0,153.69999999999996,14.438095238095238,2.9142857142857146,29.699999999999996,37.45,24.25,1089.0079999999996
7,100.0,0.0,0.0,50.0,20.0,0.0,228.60000000000005,22.8,3.1666666666666665,0.6,34.25,26.23,1766.9870000000003
2,10.0,0.0,0.0,0.0,0.0,10.0,64.5,5.628571428571429,2.5761904761904764,83.4,37.9,11.31,3759.0909999999994
9,220.0,120.0,80.0,0.0,10.0,0.0,164.9,18.97142857142857,3.1761904761904765,50.6,34.03,24.38,3518.0449999999996
7,40.0,0.0,0.0,10.0,30.0,0.0,197.6,21.914285714285718,2.3904761904761904,135.70000000000002,33.98,22.9,4170.113
7,10.0,0.0,10.0,0.0,0.0,0.0,253.0,24.80476190476191,2.7142857142857144,42.0,36.8499984741211,22.0400009155273,1883.5040000000001
4,10.0,0.0,0.0,0.0,0.0,0.0,72.3,7.147619047619049,3.3666666666666667,131.5,37.32,10.43,8576.934
6,0.0,0.0,0.0,0.0,0.0,0.0,192.3,19.971428571428575,2.795238095238095,36.5,37.88,13.6,3218.5710000000004
9,210.0,0.0,160.0,10.0,0.0,40.0,152.60000000000002,17.876190476190477,3.057142857142858,107.2,37.08,27.14,1215.9579999999999
11,150.0,20.0,40.0,70.0,0.0,0.0,136.4,11.542857142857143,3.0904761904761906,17.6,37.560001373291,17.6299991607666,1906.5599999999997
10,80.0,0.0,40.0,40.0,0.0,0.0,133.2,19.46666666666667,3.1238095238095234,16.799999999999997,37.3,23.63,1638.2269999999996
6,110.0,0.0,0.0,80.0,20.0,0.0,203.3,20.75714285714286,2.295238095238095,11.1,37.0,20.28,3254.5340000000006
5,10.0,0.0,0.0,10.0,0.0,0.0,151.8,15.904761904761907,2.8809523809523805,132.00000000000003,34.4000015258789,18.3999996185303,9122.931
8,30.0,20.0,0.0,10.0,0.0,0.0,231.4,23.714285714285708,2.7476190476190476,26.299999999999997,37.2,25.9,1561.3280000000002
8,10.0,10.0,0.0,0.0,0.0,0.0,182.4,22.428571428571427,2.8095238095238093,58.599999999999994,38.1,24.5,881.5799999999999
12,0.0,0.0,0.0,0.0,0.0,0.0,60.39999999999999,6.576190476190478,3.2809523809523813,139.8,37.7,16.78,5623.825999999999
8,30.0,0.0,0.0,30.0,0.0,0.0,241.0,25.995238095238093,2.833333333333333,35.0,37.15,26.57,976.8380000000001
10,50.0,20.0,0.0,10.0,20.0,0.0,103.39999999999999,18.866666666666667,3.3619047619047615,74.79999999999998,36.8300018310547,22.7000007629395,4137.801
9,20.0,0.0,20.0,0.0,0.0,0.0,113.19999999999999,15.276190476190473,3.080952380952381,18.400000000000002,37.4,25.27,1303.5460000000003
4,40.0,10.0,0.0,30.0,0.0,0.0,194.80000000000004,12.80952380952381,3.1666666666666674,5.2,37.36,10.47,1924.614
7,26.0,2.0,2.0,20.0,2.0,0.0,232.29999999999998,24.952380952380953,3.0952380952380953,8.3,36.17,26.88,1665.0630000000003
11,30.0,0.0,20.0,10.0,0.0,0.0,89.49999999999999,11.895238095238096,2.7238095238095235,23.6,37.8800010681152,15.5,2816.478
4,60.0,30.0,0.0,10.0,0.0,0.0,160.5,10.49047619047619,3.157142857142856,34.1,36.73,12.73,4328.699
4,30.0,10.0,0.0,0.0,0.0,0.0,160.5,10.49047619047619,3.157142857142856,34.1,37.0800018310547,12.4700002670288,4328.699
5,0.0,0.0,0.0,0.0,0.0,0.0,158.9,15.08095238095238,2.6095238095238096,57.4,37.44,12.94,3195.2599999999998
11,70.0,0.0,50.0,20.0,0.0,0.0,89.49999999999999,11.895238095238096,2.7238095238095235,23.6,37.5699996948242,16.8400001525879,2816.478
9,30.0,0.0,10.0,10.0,0.0,0.0,153.0,19.738095238095244,3.2190476190476187,78.9,37.1,26.37,1100.9759999999999
8,20.0,0.0,0.0,20.0,0.0,0.0,182.4,22.428571428571427,2.8095238095238093,58.599999999999994,38.0,24.2,881.5799999999999
7,40.0,0.0,0.0,0.0,40.0,0.0,188.29999999999998,22.495238095238097,2.5047619047619043,7.300000000000001,34.64,23.06,4252.4220000000005
9,70.0,10.0,30.0,10.0,10.0,0.0,216.59999999999997,21.09047619047619,3.5952380952380953,53.1,36.74,22.93,972.005
8,60.0,50.0,0.0,0.0,10.0,0.0,153.70000000000002,20.18095238095238,2.628571428571429,202.29999999999998,36.49,23.08,1705.4489999999998
12,10.0,0.0,0.0,10.0,0.0,0.0,56.79999999999999,9.738095238095237,2.276190476190476,43.4,34.39,17.09,9780.938
9,40.0,0.0,0.0,40.0,0.0,0.0,198.20000000000002,19.28095238095238,2.861904761904762,144.49999999999997,37.59,23.21,1459.3020000000004
7,160.0,20.0,0.0,10.0,120.0,0.0,262.99999999999994,24.061904761904763,2.8857142857142857,7.9,37.6,20.48,2532.8030000000003
9,30.0,10.0,0.0,20.0,0.0,0.0,198.39999999999998,24.328571428571426,3.0142857142857147,7.1,37.310001373291,25.9500007629395,1083.577
5,10.0,0.0,0.0,10.0,0.0,0.0,174.89999999999998,16.242857142857144,3.2238095238095235,17.5,37.9099998474121,13.6099996566772,2390.348
6,70.0,0.0,0.0,0.0,50.0,0.0,248.20000000000002,20.923809523809524,3.1952380952380954,3.5999999999999996,36.46,16.04,3195.047
4,10.0,0.0,0.0,0.0,0.0,0.0,154.60000000000002,11.342857142857142,2.952380952380952,51.00000000000001,33.5999984741211,12.3000001907349,2779.4880000000007
4,50.0,0.0,0.0,10.0,10.0,0.0,109.39999999999998,13.857142857142858,2.1238095238095234,104.19999999999999,35.89,15.02,2888.477
12,150.0,20.0,90.0,10.0,0.0,10.0,51.9,8.1,2.4904761904761905,24.7,37.6300010681152,17.1499996185303,1456.7939999999996
6,150.0,70.0,0.0,0.0,80.0,0.0,197.39999999999998,20.595238095238095,3.5523809523809526,22.900000000000002,35.19,18.83,3706.6560000000004
12,40.0,0.0,0.0,10.0,0.0,30.0,90.9,7.700000000000002,3.4761904761904763,72.4,38.43,15.83,4818.3060000000005
9,130.0,10.0,110.0,10.0,0.0,0.0,107.20000000000002,17.738095238095234,3.1095238095238096,212.49999999999997,36.47,22.15,4944.766999999999
11,10.0,10.0,0.0,0.0,0.0,0.0,87.49999999999999,10.166666666666668,2.9714285714285715,130.60000000000002,36.44,20.86,2851.177
10,30.0,0.0,10.0,10.0,0.0,0.0,115.6,14.961904761904762,2.4904761904761905,115.19999999999999,35.63,21.08,3608.8099999999995
12,10.0,0.0,0.0,10.0,0.0,0.0,56.79999999999999,9.738095238095237,2.276190476190476,43.4,35.25,17.01,9780.938
9,10.0,0.0,10.0,0.0,0.0,0.0,107.20000000000002,17.738095238095234,3.1095238095238096,212.49999999999997,36.85,23.16,4944.766999999999
10,30.0,0.0,0.0,20.0,10.0,0.0,142.50000000000003,16.5,2.9380952380952388,125.39999999999999,36.37,22.2,3358.7450000000003
9,140.0,120.0,0.0,0.0,20.0,0.0,226.1,22.65238095238095,3.347619047619048,23.5,35.74,25.51,1590.533
4,10.0,0.0,0.0,0.0,0.0,0.0,135.6,11.233333333333334,3.6714285714285713,40.6,37.46,8.75,3619.056
10,10.0,0.0,10.0,0.0,0.0,0.0,83.19999999999999,15.561904761904762,2.7428571428571433,85.30000000000001,36.02,22.28,3761.188000000001
8,50.0,20.0,10.0,0.0,20.0,0.0,220.7,22.385714285714283,3.2380952380952372,12.900000000000002,35.14,25.92,2444.419
6,50.0,0.0,0.0,10.0,40.0,0.0,214.5,19.576190476190476,2.576190476190476,20.599999999999998,38.0499992370605,19.7399997711182,1678.0939999999998
12,10.0,0.0,0.0,0.0,0.0,0.0,42.99999999999999,6.8428571428571425,2.2333333333333334,158.79999999999998,30.2,14.26,10683.316
6,70.0,0.0,0.0,20.0,40.0,0.0,211.50000000000003,19.21428571428571,2.885714285714286,69.2,32.38,26.76,5932.588999999999
12,0.0,0.0,0.0,0.0,0.0,0.0,72.90000000000002,7.419047619047619,3.1809523809523808,79.2,36.97,15.62,4760.911999999999
7,70.0,10.0,0.0,0.0,60.0,0.0,218.3,23.257142857142853,3.4809523809523815,92.5,35.16,26.25,1764.5170000000003
10,30.0,0.0,20.0,10.0,0.0,0.0,160.79999999999998,15.628571428571428,3.2523809523809524,5.4,37.12,22.76,1821.0469999999998
5,20.0,10.0,0.0,10.0,0.0,0.0,171.4,18.233333333333334,2.4333333333333336,52.9,36.79,16.06,4402.441
10,20.0,0.0,0.0,20.0,0.0,0.0,123.6,14.419047619047618,3.1095238095238096,13.0,37.51,19.0,1006.9830000000002
3,10.0,0.0,0.0,10.0,0.0,0.0,182.59999999999997,7.0,3.238095238095238,0.2,38.35,6.89,778.9
3,10.0,0.0,0.0,0.0,0.0,10.0,118.2,8.942857142857143,3.023809523809524,49.699999999999996,37.89,9.08,4265.7789999999995
10,267.0,217.0,35.0,5.0,0.0,0.0,113.7,16.14761904761905,3.080952380952381,11.6,36.0,21.8,1232.003
6,280.0,0.0,0.0,20.0,260.0,0.0,226.89999999999998,21.80952380952381,3.076190476190476,4.6,36.91,19.1,3167.4429999999993
9,80.0,0.0,0.0,50.0,10.0,0.0,176.5,17.56666666666667,3.6333333333333333,151.60000000000002,38.0,24.2,1794.243
10,0.0,0.0,0.0,0.0,0.0,0.0,93.8,14.92380952380952,2.9619047619047625,64.80000000000001,36.57,20.2,4898.58
7,24.0,19.0,0.0,0.0,5.0,0.0,197.2,22.885714285714286,3.1904761904761907,26.9,37.4199981689453,22.7199993133545,980.262
10,10.0,10.0,0.0,0.0,0.0,0.0,132.4,13.957142857142859,3.2857142857142856,42.5,36.45,21.02,1187.5769999999995
6,10.0,0.0,0.0,0.0,10.0,0.0,250.90000000000003,24.119047619047617,2.771428571428572,0.0,36.8499984741211,22.0400009155273,2664.907
9,760.0,70.0,640.0,10.0,10.0,0.0,143.49999999999997,18.147619047619045,3.0,190.4,33.68,21.59,7666.241999999999
10,60.0,10.0,30.0,10.0,0.0,0.0,127.4,18.042857142857144,3.59047619047619,167.10000000000002,37.5699996948242,23.8700008392334,4750.194
10,30.0,20.0,0.0,0.0,0.0,10.0,147.8,15.738095238095237,3.066666666666667,39.0,37.15,24.75,1186.6160000000004
10,3.0,0.0,3.0,0.0,0.0,0.0,135.3,15.195238095238096,2.8666666666666667,15.299999999999999,36.55,19.98,3894.1389999999997
9,110.0,30.0,60.0,10.0,0.0,0.0,176.5,18.685714285714283,3.8,52.6,36.49,24.11,2871.9960000000005
8,90.0,50.0,0.0,10.0,20.0,0.0,197.8,24.419047619047618,3.1571428571428575,128.4,37.9,24.87,1198.0679999999998
4,0.0,0.0,0.0,0.0,0.0,0.0,168.29999999999998,13.252380952380953,2.9000000000000004,14.499999999999998,36.53,12.36,3278.2640000000015
11,10.0,0.0,0.0,0.0,0.0,0.0,68.4,10.747619047619049,3.6904761904761907,124.59999999999998,34.7900009155273,17.5499992370605,8940.719000000003
8,20.0,10.0,0.0,10.0,0.0,0.0,154.4,20.423809523809524,2.7857142857142856,172.6,37.0499992370605,23.4599990844727,1542.3400000000001
5,10.0,0.0,0.0,0.0,10.0,0.0,205.1,16.442857142857143,3.0714285714285716,92.6,36.6599998474121,16.8999996185303,3217.882000000001
3,10.0,0.0,0.0,10.0,0.0,0.0,99.20000000000002,8.947619047619046,3.666666666666666,98.5,37.08,11.61,5717.473
10,17.0,5.0,12.0,0.0,0.0,0.0,92.00000000000001,15.523809523809524,2.7,213.70000000000002,36.38,19.78,3328.411000000001
6,110.0,0.0,0.0,10.0,100.0,0.0,231.00000000000003,23.6047619047619,2.8428571428571425,13.8,32.74,24.59,2201.58
7,170.0,120.0,10.0,30.0,10.0,0.0,188.29999999999998,22.495238095238097,2.5047619047619043,7.300000000000001,34.44,22.53,4252.4220000000005
5,10.0,0.0,0.0,10.0,0.0,0.0,156.29999999999998,13.704761904761906,3.228571428571429,21.800000000000004,37.49,15.14,3022.2019999999993
9,10.0,0.0,0.0,10.0,0.0,0.0,182.1,16.7047619047619,3.4333333333333336,86.19999999999999,38.0,20.8,1929.1570000000004
8,60.0,30.0,10.0,0.0,10.0,0.0,220.7,22.385714285714283,3.2380952380952372,12.900000000000002,35.2099990844727,24.0499992370605,2444.419
7,170.0,10.0,30.0,30.0,90.0,0.0,205.9,21.666666666666664,2.466666666666667,63.19999999999999,34.06,22.99,3211.6879999999996
7,20.0,16.0,0.0,4.0,0.0,0.0,234.29999999999995,24.947619047619046,3.071428571428572,16.2,38.06,25.1,1011.0669999999999
11,30.0,0.0,10.0,10.0,0.0,0.0,68.8,12.085714285714285,2.4333333333333336,139.59999999999997,36.97,15.62,5937.310000000002
5,110.0,0.0,0.0,50.0,10.0,0.0,153.4,17.314285714285713,2.9380952380952383,68.8,35.85,19.7,6212.515
8,20.0,10.0,0.0,10.0,0.0,0.0,240.09999999999997,25.633333333333336,3.3047619047619046,0.0,36.64,24.57,1942.4749999999997
8,60.0,10.0,0.0,40.0,10.0,0.0,236.30000000000007,23.395238095238096,2.904761904761905,10.0,36.76,25.24,1339.1740000000002
10,90.0,0.0,20.0,40.0,0.0,30.0,128.9,13.552380952380954,3.0619047619047626,58.400000000000006,37.89,19.68,1888.469
9,80.0,20.0,0.0,20.0,20.0,0.0,216.59999999999997,21.09047619047619,3.5952380952380953,53.1,36.1800003051758,24.7600002288818,972.005
10,43.0,34.4,8.6,0.0,0.0,0.0,138.4,15.742857142857138,2.9142857142857146,220.99999999999997,37.67,22.97,1334.295
10,3.0,3.0,0.0,0.0,0.0,0.0,135.3,15.195238095238096,2.8666666666666667,15.299999999999999,36.71,20.13,3894.1389999999997
9,80.0,20.0,0.0,10.0,50.0,0.0,180.49999999999997,19.514285714285712,3.7380952380952386,52.8,36.28,24.13,2549.3280000000004
7,90.0,70.0,0.0,10.0,10.0,0.0,241.40000000000003,25.16666666666667,3.395238095238095,0.0,36.64,24.57,1977.546
8,40.0,40.0,0.0,0.0,0.0,0.0,259.4,23.652380952380955,3.5476190476190474,1.3,35.2099990844727,24.0499992370605,1852.0999999999995
7,20.0,0.0,0.0,0.0,20.0,0.0,247.79999999999995,24.77142857142857,3.019047619047619,4.3,36.11,25.02,2344.937
9,34.0,0.0,21.0,0.0,0.0,0.0,152.1,17.814285714285713,3.4952380952380957,89.20000000000002,36.43,21.43,2693.038
7,110.0,40.0,10.0,0.0,60.0,0.0,185.7,21.1,2.3619047619047624,183.7,34.06,22.99,4049.824
11,30.0,0.0,10.0,20.0,0.0,0.0,99.3,11.138095238095238,2.7095238095238097,41.9,37.1800003051758,18.4500007629395,3011.675999999999
10,70.0,0.0,30.0,0.0,20.0,0.0,110.69999999999997,16.247619047619043,2.8095238095238093,68.69999999999999,35.81,22.26,3686.0270000000005
7,40.0,0.0,0.0,0.0,40.0,0.0,219.6,23.02857142857143,2.8904761904761904,34.8,33.56,25.5,3279.4489999999996
10,120.0,10.0,50.0,20.0,0.0,10.0,116.0,15.457142857142856,3.00952380952381,31.400000000000002,37.72,20.94,3043.4320000000007
4,0.0,0.0,0.0,0.0,0.0,0.0,131.6,9.385714285714286,3.4380952380952374,23.3,37.7700004577637,8.34000015258789,6725.731
9,40.0,30.0,0.0,10.0,0.0,0.0,214.59999999999994,19.33809523809524,3.0523809523809526,7.699999999999999,37.0200004577637,23.3199996948242,839.7950000000001
7,50.0,40.0,0.0,10.0,0.0,0.0,239.3,22.576190476190476,2.8095238095238098,4.1,37.28,22.16,2134.0640000000003
4,40.0,0.0,0.0,0.0,30.0,0.0,134.0,13.314285714285715,2.3809523809523805,82.0,34.95,14.19,3874.458000000001
9,70.0,10.0,50.0,0.0,10.0,0.0,185.80000000000007,22.58095238095238,3.019047619047619,33.0,36.66,25.71,1491.2659999999996
11,360.0,23.0,125.0,182.0,11.0,0.0,84.50000000000001,13.847619047619048,3.161904761904762,108.99999999999999,37.63,20.15,8565.05
7,100.0,10.0,0.0,50.0,0.0,0.0,204.0,22.4,2.776190476190476,63.5,36.78,24.4,2009.8610000000006
2,10.0,10.0,0.0,0.0,0.0,0.0,111.5,5.0476190476190474,2.5714285714285716,9.1,35.87,8.82,1827.279
8,20.0,0.0,0.0,10.0,0.0,0.0,180.40000000000003,21.223809523809525,2.6285714285714286,71.3,37.2,25.9,1436.806
6,18.0,0.0,0.0,9.0,9.0,0.0,223.70000000000005,21.73809523809524,2.7047619047619054,54.8,36.65,18.39,2680.291999999999
9,50.0,0.0,40.0,10.0,0.0,0.0,214.59999999999994,19.33809523809524,3.0523809523809526,7.699999999999999,36.8600006103516,23.2600002288818,839.7950000000001
8,0.0,0.0,0.0,0.0,0.0,0.0,271.0,24.676190476190477,3.385714285714286,5.0,37.4,23.8,2004.143
5,20.0,0.0,0.0,0.0,20.0,0.0,235.1,19.09047619047619,3.0285714285714285,61.50000000000001,36.85,16.15,1870.666
10,50.0,0.0,30.0,20.0,0.0,0.0,148.9,18.49047619047619,2.7857142857142856,70.6,36.8600006103516,23.2600002288818,1083.5865599999997
10,200.0,20.0,50.0,20.0,0.0,70.0,130.0,11.614285714285714,3.776190476190476,132.2,35.9500007629395,22.3799991607666,4003.9760000000006
10,10.0,0.0,0.0,0.0,0.0,10.0,147.8,15.738095238095237,3.066666666666667,39.0,37.09,24.89,1186.6160000000004
11,10.0,0.0,0.0,10.0,0.0,0.0,105.6,13.223809523809527,2.8333333333333335,90.3,35.35,20.21,9250.708999999999
7,70.0,40.0,0.0,10.0,20.0,0.0,219.6,23.02857142857143,2.8904761904761904,34.8,34.07,26.36,3279.4489999999996
11,140.0,40.0,80.0,20.0,0.0,0.0,70.90000000000002,9.719047619047618,2.276190476190476,24.7,37.22,17.08,1679.7049999999997
6,37.0,0.0,0.0,5.0,32.0,0.0,189.80000000000004,19.980952380952385,2.7142857142857144,94.99999999999999,35.3400001525879,24.5300006866455,1798.4090000000008
5,10.0,0.0,0.0,10.0,0.0,0.0,172.20000000000002,16.81904761904762,2.8999999999999995,51.4,36.87,18.48,5076.584
9,410.0,20.0,380.0,10.0,0.0,0.0,134.9,17.54761904761905,2.857142857142857,246.89999999999998,33.38,21.87,9244.177999999998
10,20.0,0.0,10.0,10.0,0.0,0.0,84.89999999999999,13.352380952380955,2.1285714285714286,117.59999999999997,37.5,19.59,2354.4379999999996
10,30.0,0.0,0.0,0.0,30.0,0.0,195.9,17.6,3.419047619047619,13.7,37.15,24.75,1230.1080000000002
12,950.0,7.000000000000001,465.00000000000006,393.0,0.0,0.0,41.199999999999996,10.752380952380951,2.042857142857143,29.800000000000004,37.19,17.5,12662.2
10,0.0,0.0,0.0,0.0,0.0,0.0,195.9,17.6,3.419047619047619,13.7,37.11,24.7,1230.1080000000002
7,130.0,50.0,0.0,60.0,20.0,0.0,204.99999999999997,21.861904761904764,2.6380952380952385,78.49999999999999,37.7700004577637,22.1100006103516,1870.7399999999998
5,0.0,0.0,0.0,0.0,0.0,0.0,173.79999999999998,14.619047619047619,2.8952380952380956,59.9,33.5999984741211,12.3000001907349,5728.937000000001
4,10.0,0.0,0.0,10.0,0.0,0.0,157.6,14.614285714285714,2.8333333333333335,26.8,37.0,15.73,6564.878000000001
7,0.0,0.0,0.0,0.0,0.0,0.0,213.20000000000005,21.41428571428571,3.0142857142857147,77.19999999999997,35.0,22.3,3016.5229999999997
5,0.0,0.0,0.0,0.0,0.0,0.0,151.8,15.904761904761907,2.8809523809523805,132.00000000000003,34.5,17.7999992370605,9122.931
10,60.0,0.0,0.0,50.0,0.0,0.0,114.0,18.366666666666667,3.0476190476190474,50.10000000000001,37.2400016784668,24.4599990844727,2089.387
6,19.0,0.0,0.0,5.0,14.0,0.0,189.80000000000004,19.980952380952385,2.7142857142857144,94.99999999999999,34.9199981689453,24.7700004577637,1798.4090000000008
9,30.0,20.0,10.0,0.0,0.0,0.0,195.0,20.057142857142857,3.4000000000000004,0.1,36.6399993896484,23.2600002288818,1641.9
9,4.0,4.0,0.0,0.0,0.0,0.0,165.19999999999996,19.08095238095238,3.461904761904762,25.0,37.93,27.77,951.276
10,0.0,0.0,0.0,0.0,0.0,0.0,131.69999999999996,12.19047619047619,3.5999999999999996,42.9,37.73,19.0,2531.782
7,100.0,60.0,0.0,10.0,10.0,0.0,218.3,23.257142857142853,3.4809523809523815,92.5,35.34,26.46,1764.5170000000003
7,130.0,10.0,50.0,30.0,30.0,0.0,197.6,21.914285714285718,2.3904761904761904,135.70000000000002,34.37,22.92,4170.113
10,40.0,0.0,0.0,30.0,10.0,0.0,100.3,14.176190476190476,3.223809523809524,7.699999999999999,37.25,25.28,1276.356
7,30.0,0.0,0.0,20.0,0.0,0.0,204.0,22.4,2.776190476190476,63.5,37.1300010681152,24.9699993133545,2009.8610000000006
9,120.0,0.0,60.0,50.0,0.0,0.0,161.29999999999998,18.942857142857147,2.942857142857142,17.0,37.2000007629395,23.6200008392334,1702.1019999999996
3,0.0,0.0,0.0,0.0,0.0,0.0,107.60000000000001,5.138095238095239,3.942857142857142,13.9,37.2,9.24,5673.168000000001
7,30.0,0.0,0.0,20.0,10.0,0.0,191.2,23.1,2.6047619047619044,25.599999999999998,37.06,23.19,1652.5659999999998
10,0.0,0.0,0.0,0.0,0.0,0.0,132.4,13.957142857142859,3.2857142857142856,42.5,36.44,20.86,1187.5769999999995
5,830.0000000000001,115.99999999999999,15.0,87.0,596.0,0.0,182.2,17.695238095238096,2.614285714285714,43.4,36.39,18.52,3010.7060000000006
10,150.0,50.0,50.0,10.0,10.0,0.0,80.0,15.904761904761905,2.9714285714285715,52.00000000000001,36.45,18.95,4116.816
10,110.0,10.0,10.0,40.0,0.0,50.0,153.69999999999996,14.438095238095238,2.9142857142857146,29.699999999999996,37.5400009155273,23.6800003051758,1089.0079999999996
11,0.0,0.0,0.0,0.0,0.0,0.0,68.8,12.085714285714285,2.4333333333333336,139.59999999999997,36.8,14.8,5937.310000000002
4,10.0,0.0,0.0,10.0,0.0,0.0,154.60000000000002,11.342857142857142,2.952380952380952,51.00000000000001,36.0299987792969,11.5900001525879,2779.4880000000007
7,70.0,20.0,0.0,10.0,30.0,0.0,230.60000000000002,24.542857142857137,3.10952380952381,76.0,33.82,23.45,2379.706
10,24.0,0.0,10.0,14.0,0.0,0.0,107.89999999999999,13.52857142857143,3.1333333333333333,31.3,36.8699989318848,22.6900005340576,2659.9690000000005
2,20.0,0.0,0.0,20.0,0.0,0.0,64.5,5.628571428571429,2.5761904761904764,83.4,37.92,10.98,3759.0909999999994
6,40.0,0.0,0.0,40.0,0.0,0.0,203.3,20.75714285714286,2.295238095238095,11.1,37.7999992370605,18.3999996185303,3254.5340000000006
8,40.0,0.0,0.0,0.0,40.0,0.0,263.6,25.666666666666668,3.614285714285714,4.6,35.87,25.08,1097.924
6,0.0,0.0,0.0,0.0,0.0,0.0,231.6,19.48095238095238,2.738095238095238,39.0,34.4000015258789,18.3999996185303,7191.643000000002
3,0.0,0.0,0.0,0.0,0.0,0.0,66.7,5.199999999999999,3.080952380952381,48.300000000000004,38.0,9.61,3166.745
11,409.99999999999994,113.99999999999999,80.0,125.0,0.0,0.0,42.60000000000001,12.704761904761906,3.352380952380952,257.5,32.1500015258789,17.28,16039.869999999999
9,30.0,30.0,0.0,0.0,0.0,0.0,182.10000000000005,20.514285714285716,2.4523809523809526,48.70000000000001,37.63,23.34,2012.054
3,0.0,0.0,0.0,0.0,0.0,0.0,66.7,5.199999999999999,3.080952380952381,48.300000000000004,37.59,9.16,3166.745
10,40.0,0.0,0.0,40.0,0.0,0.0,132.3,14.666666666666664,2.9095238095238094,22.1,37.7,20.17,2135.272
6,121.0,0.0,0.0,0.0,121.2,0.0,228.60000000000002,21.928571428571427,2.4095238095238094,13.3,38.04,17.0,1023.3009999999999
9,110.0,40.0,0.0,10.0,10.0,0.0,134.9,17.54761904761905,2.857142857142857,246.89999999999998,34.75,20.86,9244.177999999998
11,220.0,0.0,130.0,50.0,20.0,0.0,70.90000000000002,9.719047619047618,2.276190476190476,24.7,37.02,16.49,1679.7049999999997
11,30.0,0.0,10.0,10.0,0.0,10.0,88.9,11.795238095238094,4.090476190476191,102.2,37.5,18.0100002288818,11686.263000000003
10,70.0,0.0,20.0,20.0,0.0,0.0,160.70000000000005,17.685714285714283,3.2952380952380955,5.4,37.33,23.01,1968.9470000000001
9,50.0,20.0,20.0,10.0,0.0,0.0,199.99999999999997,20.466666666666665,3.190476190476191,8.4,37.49,23.67,1646.1050000000005
9,30.0,0.0,0.0,10.0,0.0,20.0,154.20000000000002,19.65714285714286,2.838095238095238,44.699999999999996,37.6,23.96,1073.5240000000001
6,790.0,28.999999999999996,0.0,73.0,538.0,15.0,222.99999999999997,19.071428571428573,2.952380952380952,27.599999999999998,36.82,19.79,2729.1700000000005
5,20.0,0.0,0.0,0.0,0.0,0.0,204.70000000000005,18.085714285714282,2.742857142857143,38.9,37.0,15.73,5618.969
11,60.0,0.0,20.0,40.0,0.0,0.0,89.49999999999999,11.895238095238096,2.7238095238095235,23.6,37.8600006103516,15.1499996185303,2816.478
11,10.0,10.0,0.0,0.0,0.0,0.0,94.59999999999998,10.804761904761904,3.7380952380952372,35.0,37.66,18.99,1681.514
3,30.0,0.0,0.0,0.0,0.0,0.0,141.70000000000002,10.452380952380953,3.0714285714285716,18.5,34.15,10.71,6894.749
5,80.0,0.0,0.0,20.0,60.0,0.0,182.39999999999995,16.72857142857143,2.7428571428571424,43.2,36.39,16.05,3153.3350000000005
3,10.0,0.0,0.0,10.0,0.0,0.0,99.20000000000002,8.947619047619046,3.666666666666666,98.5,37.4799995422363,10.8900003433228,5717.473
7,0.0,0.0,0.0,0.0,0.0,0.0,238.59999999999997,24.114285714285714,3.038095238095239,57.79999999999999,36.94,21.69,1414.7939999999999
6,20.0,0.0,0.0,0.0,20.0,0.0,136.60000000000002,20.219047619047622,2.4380952380952374,109.09999999999998,36.76,17.11,6643.1050000000005
6,50.0,0.0,0.0,0.0,50.0,0.0,228.50000000000003,22.44285714285714,2.8761904761904766,20.8,36.89,21.38,1707.9539999999997
9,270.0,174.0,7.000000000000001,51.0,36.0,0.0,203.29999999999998,20.404761904761905,3.2428571428571424,19.099999999999998,37.23,22.94,995.5900000000001
12,50.0,0.0,10.0,10.0,0.0,30.0,42.99999999999999,6.8428571428571425,2.2333333333333334,158.79999999999998,31.89,14.55,10683.316
10,0.0,0.0,0.0,0.0,0.0,0.0,131.69999999999996,12.19047619047619,3.5999999999999996,42.9,37.66,18.99,2531.782
7,10.0,0.0,0.0,0.0,0.0,0.0,238.59999999999997,24.114285714285714,3.038095238095239,57.79999999999999,34.63,23.63,1414.7939999999999
5,90.0,0.0,0.0,0.0,80.0,0.0,148.5,16.65238095238095,2.5238095238095237,30.7,36.71,17.66,2387.2469999999994
11,18.0,0.0,9.0,9.0,0.0,0.0,46.8,11.276190476190475,2.452380952380952,63.599999999999994,37.5299987792969,18.8099994659424,3813.1899999999996
6,240.0,0.0,0.0,0.0,230.0,0.0,197.39999999999998,20.595238095238095,3.5523809523809526,22.900000000000002,33.83,19.2,3706.6560000000004
5,70.0,0.0,0.0,20.0,20.0,0.0,161.50000000000003,14.952380952380953,2.776190476190476,74.10000000000001,37.6,15.2,4222.006
9,40.0,20.0,0.0,20.0,0.0,0.0,191.8,20.238095238095237,2.8571428571428577,145.6,37.0499992370605,23.4599990844727,1541.1629999999998
5,50.0,0.0,0.0,0.0,40.0,0.0,102.0,13.166666666666666,3.5238095238095246,118.39999999999999,37.92,12.33,3998.0529999999994
11,60.0,20.0,10.0,30.0,0.0,0.0,72.4,13.428571428571429,2.814285714285714,16.700000000000003,37.7,20.17,2126.879
10,0.0,0.0,0.0,0.0,0.0,0.0,128.9,13.552380952380954,3.0619047619047626,58.400000000000006,37.92,19.83,1888.469
7,170.0,40.0,120.0,0.0,10.0,0.0,256.6,23.090476190476192,2.885714285714286,25.9,33.3199996948242,23.2299995422363,2124.015
11,30.0,10.0,0.0,20.0,0.0,0.0,100.89999999999998,8.085714285714284,3.8000000000000007,9.6,37.7,14.4,1467.3310000000001
10,140.0,0.0,60.0,10.0,0.0,60.0,120.89999999999999,11.495238095238095,2.842857142857143,44.7,35.1599998474121,21.1499996185303,4443.459000000001
10,10.0,0.0,10.0,0.0,0.0,0.0,132.3,14.666666666666664,2.9095238095238094,22.1,37.5200004577637,21.2099990844727,2135.272
9,90.0,0.0,40.0,30.0,0.0,10.0,154.20000000000002,19.65714285714286,2.838095238095238,44.699999999999996,37.3199996948242,24.4500007629395,1073.5240000000001
7,110.0,20.0,60.0,20.0,0.0,0.0,248.29999999999998,23.285714285714285,3.0095238095238095,26.6,37.3300018310547,21.8400001525879,1428.286
11,20.0,0.0,0.0,10.0,0.0,10.0,47.4,9.752380952380953,2.3476190476190473,167.39999999999998,35.17,14.89,10285.348000000002
6,103.0,4.5,0.0,0.0,98.9,0.0,205.6,20.347619047619045,2.7476190476190476,75.8,33.95,22.8,2821.838
10,60.0,0.0,0.0,50.0,0.0,0.0,123.6,14.419047619047618,3.1095238095238096,13.0,37.49,18.99,1006.9830000000002
11,40.0,0.0,30.0,10.0,0.0,0.0,44.7,12.5,3.0428571428571427,266.3,37.57,19.65,10055.3
10,30.0,0.0,20.0,10.0,0.0,0.0,115.0,14.63809523809524,2.223809523809524,103.4,36.87,23.92,3825.681
11,20.0,0.0,0.0,0.0,0.0,10.0,88.9,11.795238095238094,4.090476190476191,102.2,37.5,16.33,11686.263000000003
11,120.0,0.0,10.0,20.0,0.0,40.0,151.29999999999998,6.676190476190476,3.5,0.0,36.97,15.24,2223.699
2,30.0,0.0,0.0,30.0,0.0,0.0,111.5,5.0476190476190474,2.5714285714285716,9.1,36.72,9.72,1827.279
1,10.0,0.0,0.0,10.0,0.0,0.0,42.900000000000006,6.004761904761905,2.7857142857142856,74.19999999999999,37.5800018310547,11.3299999237061,3222.5070000000005
12,50.0,0.0,0.0,10.0,0.0,40.0,78.89999999999999,8.566666666666666,2.8047619047619046,23.2,36.98,15.91,2210.441
9,210.0,0.0,160.0,30.0,0.0,20.0,187.50000000000003,21.047619047619047,3.104761904761905,72.60000000000001,37.310001373291,25.9500007629395,1173.935
9,60.0,40.0,10.0,10.0,0.0,0.0,226.1,22.65238095238095,3.347619047619048,23.5,35.34,26.27,1590.533
9,10.0,0.0,0.0,0.0,0.0,10.0,190.0,20.78095238095238,3.1380952380952385,46.5,37.19,26.24,1737.888
8,10.0,0.0,0.0,10.0,0.0,0.0,241.0,25.995238095238093,2.833333333333333,35.0,36.5499992370605,28.3700008392334,976.8380000000001
11,20.0,0.0,0.0,20.0,0.0,0.0,105.6,13.223809523809527,2.8333333333333335,90.3,34.89,19.75,9250.708999999999
11,60.0,0.0,10.0,40.0,0.0,10.0,47.4,9.752380952380953,2.3476190476190473,167.39999999999998,37.84,17.12,10285.348000000002
6,60.0,0.0,0.0,0.0,60.0,0.0,228.60000000000002,21.928571428571427,2.4095238095238094,13.3,37.44,17.45,1023.3009999999999
7,60.0,40.0,0.0,0.0,20.0,0.0,192.5,24.66190476190476,2.7095238095238097,25.8,34.7000007629395,27.1299991607666,1370.3819999999996
5,0.0,0.0,0.0,0.0,0.0,0.0,205.1,16.442857142857143,3.0714285714285716,92.6,37.47,14.35,3217.882000000001
1,40.0,10.0,20.0,10.0,0.0,0.0,124.79999999999998,4.609523809523809,2.6476190476190475,0.0,36.8,13.48,6052.718999999999
9,50.0,10.0,0.0,20.0,0.0,0.0,125.1,18.552380952380954,2.5190476190476194,185.1,37.05,21.72,4588.005
7,120.0,20.0,10.0,10.0,70.0,0.0,205.9,21.666666666666664,2.466666666666667,63.19999999999999,34.37,22.92,3211.6879999999996
5,20.0,10.0,0.0,0.0,10.0,0.0,219.40000000000003,19.66190476190476,3.10952380952381,26.6,37.5,20.1,1456.4250000000002
9,150.0,130.0,10.0,0.0,10.0,0.0,198.90000000000006,22.79047619047619,3.552380952380952,14.299999999999999,35.14,25.92,993.7259999999998
8,120.0,110.0,0.0,10.0,0.0,0.0,240.09999999999997,25.633333333333336,3.3047619047619046,0.0,36.56,24.93,1942.4749999999997
11,80.0,10.0,40.0,10.0,0.0,20.0,43.199999999999996,12.547619047619047,2.6333333333333337,112.0,36.28,16.7,7692.456
10,160.0,0.0,130.0,20.0,0.0,0.0,114.00000000000001,12.8,3.4666666666666663,125.90000000000002,36.5900001525879,19.8899993896484,7235.289
9,80.0,0.0,0.0,80.0,0.0,0.0,197.40000000000003,23.157142857142862,3.1904761904761907,94.7,36.3800010681152,25.1000003814697,2006.7520000000002
7,150.0,30.0,10.0,50.0,50.0,0.0,247.79999999999995,24.77142857142857,3.019047619047619,4.3,36.16,23.78,2344.937
8,200.0,110.0,10.0,40.0,30.0,0.0,239.2,24.29523809523809,3.3285714285714287,18.3,35.26,21.52,2092.142
12,20.0,0.0,10.0,0.0,10.0,0.0,64.3,8.547619047619046,2.4666666666666663,81.1,34.72,16.58,8264.098
6,20.0,0.0,0.0,10.0,0.0,0.0,231.6,19.48095238095238,2.738095238095238,39.0,35.8499984741211,17.9799995422363,7191.643000000002
4,0.0,0.0,0.0,0.0,0.0,0.0,127.1,12.03809523809524,3.461904761904762,49.8,37.83,11.56,4743.46
8,20.0,10.0,0.0,0.0,0.0,0.0,236.4,23.990476190476194,3.1619047619047613,28.1,35.9799995422363,27.3999996185303,1255.9470000000001
11,290.0,28.999999999999996,28.999999999999996,204.0,0.0,0.0,84.50000000000001,13.847619047619048,3.161904761904762,108.99999999999999,37.35,19.87,8565.05
5,10.0,0.0,0.0,10.0,0.0,0.0,205.1,16.442857142857143,3.0714285714285716,92.6,38.17,12.99,3217.882000000001
9,20.0,10.0,0.0,0.0,0.0,10.0,125.1,18.552380952380954,2.5190476190476194,185.1,36.37,22.2,4588.005
10,0.0,0.0,0.0,0.0,0.0,0.0,148.3,14.366666666666665,3.1285714285714294,126.29999999999998,38.0,20.8,3560.4610000000007
10,50.0,0.0,20.0,30.0,0.0,0.0,160.79999999999998,15.628571428571428,3.2523809523809524,5.4,37.25,22.69,1821.0469999999998
10,40.0,0.0,30.0,10.0,0.0,0.0,83.19999999999999,15.561904761904762,2.7428571428571433,85.30000000000001,36.06,22.43,3761.188000000001
4,0.0,0.0,0.0,0.0,0.0,0.0,127.1,12.03809523809524,3.461904761904762,49.8,37.62,11.8,4743.46
5,80.0,60.0,0.0,10.0,10.0,0.0,141.3,16.400000000000002,3.0428571428571427,58.80000000000001,36.1399993896484,16.7800006866455,6779.052
7,120.0,40.0,0.0,50.0,30.0,0.0,268.3,25.58095238095238,2.8809523809523805,6.8999999999999995,35.47,21.95,2031.5430000000003
7,90.0,10.0,0.0,10.0,70.0,0.0,262.99999999999994,24.061904761904763,2.8857142857142857,7.9,37.28,20.84,2532.8030000000003
3,0.0,0.0,0.0,0.0,0.0,0.0,107.60000000000001,5.138095238095239,3.942857142857142,13.9,37.6699981689453,9.47999954223633,5673.168000000001
10,80.0,30.0,30.0,20.0,0.0,0.0,100.89999999999998,13.009523809523811,2.0857142857142854,16.400000000000002,37.3,19.4,3062.8959999999997
10,120.0,10.0,70.0,10.0,0.0,0.0,100.89999999999998,13.009523809523811,2.0857142857142854,16.400000000000002,37.27,19.34,3062.8959999999997
10,20.0,0.0,0.0,20.0,0.0,0.0,152.7,17.58095238095238,2.8571428571428568,42.5,36.47,22.52,1684.139
4,0.0,0.0,0.0,0.0,0.0,0.0,154.59999999999997,13.304761904761904,3.3285714285714287,92.29999999999998,37.05,10.91,8335.838999999998
5,90.0,0.0,0.0,10.0,80.0,0.0,139.29999999999998,15.314285714285715,2.966666666666667,29.699999999999996,36.79,13.87,4006.390999999999
3,0.0,0.0,0.0,0.0,0.0,0.0,82.8,6.680952380952381,2.7238095238095235,65.8,37.88,9.67,4231.62
8,50.0,0.0,0.0,20.0,30.0,0.0,235.50000000000003,23.038095238095238,3.309523809523809,20.999999999999996,37.31,23.21,1098.361
6,50.0,10.0,0.0,30.0,0.0,0.0,144.70000000000002,15.671428571428573,3.4428571428571426,97.69999999999999,34.99,19.86,7314.9
8,60.0,50.0,0.0,10.0,0.0,0.0,188.20000000000002,21.747619047619047,3.395238095238095,103.3,35.16,26.25,1734.2509999999997
5,10.0,0.0,0.0,0.0,0.0,0.0,142.70000000000002,16.48095238095238,2.8333333333333335,14.0,36.63,14.09,5666.675000000002
10,40.0,0.0,0.0,40.0,0.0,0.0,153.69999999999996,14.438095238095238,2.9142857142857146,29.699999999999996,37.6,23.96,1089.0079999999996
6,60.0,20.0,0.0,0.0,40.0,0.0,229.20000000000002,21.204761904761906,2.7142857142857144,22.4,38.0499992370605,19.7399997711182,1047.0199999999998
6,180.0,0.0,0.0,10.0,160.0,0.0,195.1,19.666666666666668,3.0095238095238095,5.1,37.37,21.84,2326.2560000000003
5,60.0,10.0,0.0,50.0,0.0,0.0,123.80000000000001,16.123809523809523,2.6619047619047627,55.9,36.77,11.42,5463.947999999999
7,1920.0,1309.0,0.0,262.0,334.0,0.0,211.2,21.7,3.1285714285714286,77.0,31.07,23.95,2235.36
12,0.0,0.0,0.0,0.0,0.0,0.0,72.90000000000002,7.419047619047619,3.1809523809523808,79.2,36.8,14.8,4760.911999999999
7,40.0,0.0,0.0,10.0,30.0,0.0,241.39999999999998,24.74761904761905,2.8380952380952382,3.5999999999999996,36.3899993896484,24.1599998474121,934.5789999999998
7,10.0,10.0,0.0,0.0,0.0,0.0,261.1,25.509523809523806,2.6095238095238096,8.8,31.0599994659424,25.1800003051758,1897.3509999999997
6,170.0,10.0,0.0,0.0,160.0,0.0,195.1,19.666666666666668,3.0095238095238095,5.1,37.5699996948242,19.2199993133545,2326.2560000000003
9,80.0,50.0,0.0,10.0,20.0,0.0,198.90000000000006,22.79047619047619,3.552380952380952,14.299999999999999,35.1,25.52,993.7259999999998
3,20.0,0.0,0.0,20.0,0.0,0.0,82.8,6.680952380952381,2.7238095238095235,65.8,38.2,9.99,4231.62
7,15.0,0.0,0.0,10.0,5.0,0.0,213.00000000000003,22.314285714285717,2.8142857142857145,11.799999999999999,35.97,22.55,1274.9560000000004
6,80.0,0.0,0.0,0.0,80.0,0.0,176.89999999999998,19.1,2.3857142857142857,47.900000000000006,36.3,19.29,3393.551
7,100.0,0.0,20.0,20.0,60.0,0.0,251.60000000000005,26.376190476190477,2.9571428571428573,35.3,36.63,22.86,1485.2160000000001
9,650.0,30.0,480.0,10.0,10.0,80.0,134.9,17.54761904761905,2.857142857142857,246.89999999999998,33.68,21.59,9244.177999999998
6,70.0,0.0,0.0,10.0,30.0,0.0,231.00000000000003,23.6047619047619,2.8428571428571425,13.8,33.82,23.45,2201.58
8,10.0,10.0,0.0,0.0,0.0,0.0,228.89999999999998,23.942857142857143,3.1238095238095234,40.5,37.4799995422363,23.6700000762939,1251.6920000000002
11,50.0,0.0,30.0,20.0,0.0,0.0,80.4,11.166666666666666,2.757142857142857,0.0,37.7,20.17,2053.98
11,100.0,0.0,0.0,28.999999999999996,0.0,65.0,76.89999999999999,9.647619047619047,2.7380952380952377,32.400000000000006,37.55,16.24,1586.302
11,120.0,0.0,50.0,40.0,0.0,30.0,43.199999999999996,12.547619047619047,2.6333333333333337,112.0,35.78,17.73,7692.456
8,30.0,10.0,0.0,0.0,20.0,0.0,218.9,23.428571428571427,3.6714285714285713,46.7,36.0099983215332,26.9899997711182,915.715
6,60.0,10.0,0.0,10.0,10.0,0.0,215.79999999999998,22.947619047619046,2.676190476190476,28.3,36.78,24.4,2643.3179999999993
11,20.0,0.0,0.0,0.0,0.0,20.0,91.00000000000001,10.342857142857142,3.9142857142857133,102.0,38.43,15.83,3235.15
7,60.0,0.0,0.0,0.0,10.0,0.0,195.39999999999998,22.457142857142856,2.380952380952381,61.199999999999996,34.97,23.03,6257.548000000002
4,10.0,10.0,0.0,0.0,0.0,0.0,127.1,12.03809523809524,3.461904761904762,49.8,36.95,11.79,4743.46
10,50.0,10.0,30.0,0.0,10.0,0.0,147.8,15.738095238095237,3.066666666666667,39.0,37.24,24.74,1186.6160000000004
5,0.0,0.0,0.0,0.0,0.0,0.0,235.1,19.09047619047619,3.0285714285714285,61.50000000000001,37.2200012207031,13.7799997329712,1870.666
8,30.0,10.0,0.0,10.0,0.0,0.0,193.10000000000002,21.14285714285714,2.9428571428571426,181.10000000000005,34.15,24.13,2112.297
8,80.0,0.0,0.0,40.0,40.0,0.0,195.70000000000002,22.176190476190477,2.8238095238095235,34.9,34.11,25.13,3413.2799999999997
8,11.0,11.0,0.0,0.0,0.0,0.0,218.50000000000003,23.804761904761907,3.223809523809524,18.9,37.41,22.99,970.561
8,130.0,100.0,0.0,30.0,0.0,0.0,150.7,21.25714285714286,2.8904761904761904,195.29999999999998,37.72,24.56,1449.2300000000002
7,100.0,0.0,30.0,30.0,40.0,0.0,185.7,21.1,2.3619047619047624,183.7,34.37,22.92,4049.824
4,10.0,0.0,0.0,10.0,0.0,0.0,168.29999999999998,13.252380952380953,2.9000000000000004,14.499999999999998,36.77,11.42,3278.2640000000015
7,40.0,20.0,0.0,20.0,0.0,0.0,239.3,22.576190476190476,2.8095238095238098,4.1,37.48,21.81,2134.0640000000003
10,30.0,0.0,10.0,20.0,0.0,0.0,112.6,15.423809523809526,3.8380952380952387,242.20000000000005,37.5699996948242,23.8700008392334,6575.720000000001
1,10.0,0.0,0.0,10.0,0.0,0.0,45.5,7.695238095238094,2.657142857142857,71.39999999999999,37.24,11.55,7153.088000000001
10,20.0,0.0,0.0,20.0,0.0,0.0,148.3,14.366666666666665,3.1285714285714294,126.29999999999998,38.0,20.9,3560.4610000000007
4,30.0,0.0,0.0,0.0,0.0,0.0,214.0,11.29047619047619,3.8095238095238093,1.6,38.0400009155273,13.0900001525879,1421.4739999999997
9,20.0,20.0,0.0,0.0,0.0,0.0,191.8,20.238095238095237,2.8571428571428577,145.6,36.49,23.08,1541.1629999999998
8,30.0,20.0,0.0,10.0,0.0,0.0,271.0,24.676190476190477,3.385714285714286,5.0,37.2,24.8,2004.143
5,90.0,0.0,20.0,0.0,70.0,0.0,137.00000000000003,14.995238095238097,2.4714285714285715,79.1,34.95,14.19,3132.5680000000007
12,10.0,0.0,0.0,10.0,0.0,0.0,71.50000000000001,7.233333333333333,2.276190476190476,17.0,35.17,14.89,6806.818
9,340.0,20.0,310.0,0.0,0.0,0.0,143.49999999999997,18.147619047619045,3.0,190.4,34.4000015258789,25.9200000762939,7666.241999999999
4,30.0,0.0,0.0,0.0,10.0,0.0,174.59999999999997,12.180952380952382,2.8476190476190477,46.300000000000004,38.08,14.4,1694.492
8,40.0,0.0,10.0,30.0,0.0,0.0,208.19999999999996,24.45714285714286,3.0238095238095237,68.1,36.2000007629395,26.6299991607666,1425.5109999999997
5,10.0,0.0,0.0,0.0,10.0,0.0,197.09999999999997,16.495238095238093,3.0999999999999996,23.3,37.44,15.55,1548.226
2,50.0,0.0,30.0,10.0,10.0,0.0,89.60000000000001,7.176190476190477,2.380952380952381,11.600000000000001,37.4599990844727,11.2700004577637,1752.2869999999998
9,70.0,0.0,40.0,20.0,0.0,0.0,181.5,19.071428571428573,2.8190476190476192,52.4,37.0200004577637,23.3199996948242,1034.68456
6,20.0,0.0,0.0,10.0,0.0,0.0,169.8,19.223809523809525,3.157142857142857,17.700000000000003,35.5,18.7399997711182,3341.429
9,30.0,10.0,0.0,10.0,0.0,10.0,157.89999999999998,20.647619047619052,3.1523809523809527,123.7,37.31,23.21,2352.25
10,20.0,10.0,0.0,10.0,0.0,0.0,169.50000000000003,18.59523809523809,2.9000000000000004,49.599999999999994,36.06,22.3,1769.9410000000003
10,40.0,0.0,0.0,10.0,0.0,20.0,142.50000000000003,16.5,2.9380952380952388,125.39999999999999,37.05,21.72,3358.7450000000003
10,87.0,59.0,23.0,0.0,5.0,0.0,185.20000000000002,16.17142857142857,3.142857142857143,0.0,35.49,22.13,1905.1640000000002
10,80.0,0.0,0.0,50.0,10.0,0.0,100.3,14.176190476190476,3.223809523809524,7.699999999999999,37.26,25.46,1276.356
5,10.0,0.0,0.0,10.0,0.0,0.0,174.89999999999998,16.242857142857144,3.2238095238095235,17.5,37.9300003051758,13.5500001907349,2390.348
11,50.0,0.0,0.0,30.0,0.0,0.0,105.6,13.223809523809527,2.8333333333333335,90.3,34.23,20.04,9250.708999999999
7,460.0,0.0,0.0,0.0,460.0,0.0,277.79999999999995,24.780952380952378,2.5714285714285716,5.3999999999999995,35.1100006103516,21.0300006866455,3065.602999999999
7,30.0,10.0,0.0,0.0,20.0,0.0,242.7,24.633333333333336,2.5047619047619043,19.5,37.27,20.88,3047.347
7,120.0,0.0,0.0,50.0,20.0,0.0,228.60000000000005,22.8,3.1666666666666665,0.6,32.38,26.76,1766.9870000000003
6,270.0,160.0,0.0,40.0,70.0,0.0,203.2,18.961904761904766,2.8809523809523805,78.60000000000001,34.3,19.02,5172.813999999999
5,10.0,0.0,0.0,0.0,0.0,0.0,204.70000000000005,18.085714285714282,2.742857142857143,38.9,37.59,14.81,5618.969
4,40.0,0.0,0.0,30.0,0.0,0.0,109.39999999999998,13.857142857142858,2.1238095238095234,104.19999999999999,35.9000015258789,15.75,2888.477
5,0.0,0.0,0.0,0.0,0.0,0.0,177.79999999999998,14.585714285714285,2.8285714285714287,53.2,37.48,12.52,2311.119999999999
2,0.0,0.0,0.0,0.0,0.0,0.0,95.19999999999999,-0.823809523809524,5.257142857142857,0.0,37.91,9.05,933.7109999999999
9,30.0,0.0,30.0,0.0,0.0,0.0,181.5,19.071428571428573,2.8190476190476192,52.4,36.9099998474121,24.3899993896484,1034.68456
10,110.0,20.0,20.0,20.0,0.0,40.0,115.6,14.961904761904762,2.4904761904761905,115.19999999999999,34.23,20.04,3608.8099999999995
11,40.0,0.0,10.0,30.0,0.0,0.0,78.10000000000001,10.895238095238094,3.052380952380952,15.600000000000001,37.5,18.0100002288818,11829.506000000003
6,30.0,0.0,10.0,10.0,10.0,0.0,169.8,19.223809523809525,3.157142857142857,17.700000000000003,35.8300018310547,18.3299999237061,3341.429
11,120.0,40.0,40.0,20.0,10.0,0.0,66.80000000000001,9.823809523809523,2.738095238095238,49.400000000000006,37.9300003051758,16.0300006866455,3392.7230000000004
8,40.0,0.0,30.0,10.0,0.0,0.0,208.49999999999997,24.81904761904762,2.9,32.1,34.0200004577637,26.9699993133545,1444.711
6,142.0,0.0,0.0,18.0,124.0,0.0,176.89999999999998,19.1,2.3857142857142857,47.900000000000006,36.65,18.39,3393.551
4,0.0,0.0,0.0,0.0,0.0,0.0,72.3,7.147619047619049,3.3666666666666667,131.5,36.86,9.85,8576.934
5,40.0,0.0,0.0,20.0,0.0,0.0,171.4,18.233333333333334,2.4333333333333336,52.9,37.59,14.81,4402.441
10,40.0,0.0,0.0,0.0,0.0,40.0,122.69999999999999,15.914285714285716,3.1428571428571423,27.4,37.6500015258789,21.6900005340576,1045.132
7,50.0,0.0,0.0,0.0,40.0,0.0,254.20000000000002,24.43809523809524,3.3238095238095244,5.1,33.7700004577637,23.9200000762939,1250.9799999999996
8,50.0,30.0,0.0,10.0,0.0,0.0,197.8,24.419047619047618,3.1571428571428575,128.4,37.7700004577637,23.7399997711182,1198.0679999999998
4,0.0,0.0,0.0,0.0,0.0,0.0,131.6,9.385714285714286,3.4380952380952374,23.3,36.65,9.92,6725.731
9,10.0,0.0,0.0,10.0,0.0,0.0,177.19999999999996,22.71904761904762,2.80952380952381,45.8,37.28,26.55,791.13
8,40.0,10.0,0.0,10.0,20.0,0.0,242.9,25.890476190476186,2.928571428571429,71.5,35.6,26.81,1499.876
9,10.0,10.0,0.0,0.0,0.0,0.0,198.20000000000002,19.28095238095238,2.861904761904762,144.49999999999997,37.12,23.06,1459.3020000000004
6,110.0,10.0,0.0,10.0,80.0,0.0,217.70000000000002,22.895238095238092,2.9,0.0,37.37,21.84,1837.8400000000001
12,2870.0,63.0,2341.0,365.0,0.0,0.0,41.199999999999996,10.752380952380951,2.042857142857143,29.800000000000004,37.03,17.28,12662.2
4,0.0,0.0,0.0,0.0,0.0,0.0,135.6,11.233333333333334,3.6714285714285713,40.6,37.36,8.61,3619.056
5,110.0,70.0,0.0,10.0,30.0,0.0,141.3,16.400000000000002,3.0428571428571427,58.80000000000001,29.67,18.26,6779.052
12,30.0,0.0,10.0,0.0,0.0,20.0,64.30000000000001,9.066666666666666,2.5952380952380953,47.0,32.96,16.69,4865.6680000000015
10,40.0,20.0,0.0,20.0,0.0,0.0,119.9,12.761904761904763,3.3190476190476192,46.900000000000006,36.45,21.02,1893.7000000000003
10,120.0,0.0,100.0,0.0,0.0,20.0,120.89999999999999,11.495238095238095,2.842857142857143,44.7,35.78,17.73,4443.459000000001
7,80.0,0.0,0.0,40.0,20.0,0.0,172.49999999999997,21.500000000000004,2.804761904761905,87.1,34.64,23.06,3840.2160000000003
8,30.0,20.0,0.0,10.0,0.0,0.0,240.09999999999997,25.633333333333336,3.3047619047619046,0.0,36.59,24.96,1942.4749999999997
11,20.0,0.0,10.0,10.0,0.0,0.0,72.4,13.428571428571429,2.814285714285714,16.700000000000003,37.5200004577637,21.2099990844727,2126.879
9,10.0,0.0,0.0,0.0,10.0,0.0,168.2,19.395238095238092,3.3857142857142852,87.6,38.0,24.2,860.193
8,20.0,10.0,0.0,10.0,0.0,0.0,150.7,21.25714285714286,2.8904761904761904,195.29999999999998,37.7700004577637,23.7399997711182,1449.2300000000002
9,530.0,30.0,500.0,0.0,0.0,0.0,194.3,20.700000000000003,3.076190476190476,17.8,34.03,24.38,2631.712
8,40.0,20.0,0.0,20.0,0.0,0.0,154.4,20.423809523809524,2.7857142857142856,172.6,36.49,23.08,1542.3400000000001
1,10.0,0.0,0.0,10.0,0.0,0.0,124.79999999999998,4.609523809523809,2.6476190476190475,0.0,38.03,14.3,6052.718999999999
9,0.0,0.0,0.0,0.0,0.0,0.0,210.50000000000006,20.25714285714286,2.966666666666667,32.5,35.3499984741211,26.3799991607666,1008.392
9,20.0,0.0,0.0,10.0,0.0,0.0,168.40000000000003,19.628571428571426,3.1333333333333333,144.10000000000002,37.8300018310547,23.6800003051758,3777.0789999999997
10,0.0,0.0,0.0,0.0,0.0,0.0,92.00000000000001,15.523809523809524,2.7,213.70000000000002,36.57,20.2,3328.411000000001
6,150.0,40.0,0.0,20.0,80.0,0.0,203.2,18.961904761904766,2.8809523809523805,78.60000000000001,35.23,17.77,5172.813999999999
5,50.0,0.0,0.0,0.0,20.0,0.0,156.29999999999998,13.704761904761906,3.228571428571429,21.800000000000004,37.6,15.2,3022.2019999999993
7,150.0,20.0,0.0,10.0,100.0,0.0,185.7,21.1,2.3619047619047624,183.7,33.98,22.9,4049.824
9,0.0,0.0,0.0,0.0,0.0,0.0,113.19999999999999,15.276190476190473,3.080952380952381,18.400000000000002,37.25,25.28,1303.5460000000003
11,50.0,0.0,30.0,20.0,0.0,0.0,66.80000000000001,9.823809523809523,2.738095238095238,49.400000000000006,37.8600006103516,15.1499996185303,3392.7230000000004
7,90.0,0.0,0.0,60.0,0.0,0.0,228.60000000000005,22.8,3.1666666666666665,0.6,31.91,26.13,1766.9870000000003
10,30.0,10.0,10.0,10.0,0.0,0.0,195.9,17.6,3.419047619047619,13.7,37.24,24.74,1230.1080000000002
6,0.0,0.0,0.0,0.0,0.0,0.0,245.1,24.45714285714286,2.7714285714285714,8.8,30.0200004577637,21.9099998474121,3927.252
3,20.0,0.0,0.0,0.0,0.0,10.0,141.70000000000002,10.452380952380953,3.0714285714285716,18.5,36.79,11.46,6894.749
7,84.0,70.0,0.0,14.0,0.0,0.0,197.2,22.885714285714286,3.1904761904761907,26.9,37.2299995422363,22.6000003814697,980.262
10,30.0,0.0,0.0,30.0,0.0,0.0,152.79999999999998,15.490476190476189,3.3999999999999995,203.10000000000002,38.0,20.8,3375.989
7,30.0,0.0,0.0,0.0,0.0,0.0,237.6,21.65714285714286,2.719047619047619,70.0,37.4,23.61,3210.3430000000008
11,10.0,0.0,10.0,0.0,0.0,0.0,38.800000000000004,11.90952380952381,2.2952380952380955,50.70000000000001,38.0,16.5,2028.1939999999997
11,40.0,0.0,10.0,10.0,0.0,0.0,80.8,9.666666666666666,2.7142857142857144,39.6,35.02,15.38,7008.128
11,160.0,0.0,70.0,0.0,0.0,50.0,64.80000000000001,12.25238095238095,3.2857142857142856,95.2,36.28,16.7,6432.768999999999
10,130.0,40.0,60.0,30.0,0.0,0.0,184.40000000000003,16.504761904761907,3.947619047619048,32.8,35.77,25.94,1609.9660000000003
11,0.0,0.0,0.0,0.0,0.0,0.0,91.00000000000001,10.342857142857142,3.9142857142857133,102.0,38.04,14.85,3235.15
8,20.0,0.0,0.0,10.0,10.0,0.0,182.4,22.428571428571427,2.8095238095238093,58.599999999999994,37.9000015258789,24.5,881.5799999999999
9,50.0,0.0,40.0,10.0,0.0,0.0,185.80000000000007,22.58095238095238,3.019047619047619,33.0,36.6500015258789,27.3400001525879,1491.2659999999996
8,43.0,39.1,0.0,4.3,0.0,0.0,230.89999999999995,26.566666666666666,2.880952380952381,7.1000000000000005,38.07,24.88,593.9170000000001
9,460.0,20.0,330.0,0.0,0.0,110.0,187.50000000000003,21.047619047619047,3.104761904761905,72.60000000000001,37.67,26.15,1173.935
6,230.0,110.0,0.0,10.0,100.0,0.0,218.4,20.46666666666667,2.7000000000000006,78.60000000000001,29.2099990844727,16.5300006866455,3350.9349999999995
10,30.0,0.0,30.0,0.0,0.0,0.0,125.2,16.014285714285716,3.814285714285714,63.6,36.4199981689453,22.9599990844727,1867.4455600000001
10,20.0,0.0,0.0,0.0,0.0,20.0,122.69999999999999,15.914285714285716,3.1428571428571423,27.4,37.16,19.95,1045.132
8,10.0,10.0,0.0,0.0,0.0,0.0,154.4,20.423809523809524,2.7857142857142856,172.6,37.12,23.06,1542.3400000000001
1,0.0,0.0,0.0,0.0,0.0,0.0,29.700000000000003,4.942857142857143,1.4761904761904763,11.200000000000001,33.75,8.43,7389.532
7,55.0,37.0,0.0,9.0,9.0,0.0,213.00000000000003,22.314285714285717,2.8142857142857145,11.799999999999999,36.11,22.79,1274.9560000000004
10,40.0,0.0,28.999999999999996,15.0,0.0,0.0,95.5,15.866666666666669,2.8476190476190477,162.1,37.35,19.87,4444.230000000001
8,30.0,0.0,0.0,20.0,10.0,0.0,241.0,25.995238095238093,2.833333333333333,35.0,37.19,26.24,976.8380000000001
11,140.0,10.0,60.0,40.0,0.0,0.0,66.80000000000001,9.823809523809523,2.738095238095238,49.400000000000006,37.8800010681152,15.5,3392.7230000000004
8,380.0,320.0,50.0,10.0,0.0,0.0,207.3,22.023809523809522,2.8142857142857145,39.0,34.4099998474121,24.6000003814697,2280.9849999999997
2,0.0,0.0,0.0,0.0,0.0,0.0,83.6,5.019047619047619,3.1238095238095234,81.4,37.32,10.43,4780.6359999999995
6,0.0,0.0,0.0,0.0,0.0,0.0,193.60000000000002,16.63809523809524,2.9523809523809526,42.8,34.4000015258789,18.3999996185303,8799.756
9,40.0,0.0,0.0,40.0,0.0,0.0,182.1,16.7047619047619,3.4333333333333336,86.19999999999999,38.0,20.9,1929.1570000000004
4,0.0,0.0,0.0,0.0,0.0,0.0,154.59999999999997,13.304761904761904,3.3285714285714287,92.29999999999998,37.21,10.29,8335.838999999998
8,70.0,20.0,10.0,30.0,10.0,0.0,207.09999999999997,24.599999999999994,3.2476190476190476,134.1,35.8300018310547,25.2000007629395,1487.4129999999996
8,40.0,0.0,0.0,20.0,20.0,0.0,263.6,25.666666666666668,3.614285714285714,4.6,35.83,25.26,1097.924
6,60.0,0.0,0.0,0.0,40.0,0.0,214.5,19.576190476190476,2.576190476190476,20.599999999999998,37.86,21.48,1678.0939999999998
9,130.0,130.0,0.0,0.0,0.0,0.0,243.4,23.652380952380952,3.0190476190476185,24.3,35.74,25.51,1231.105
7,50.0,0.0,0.0,10.0,40.0,0.0,254.20000000000002,24.43809523809524,3.3238095238095244,5.1,35.83,25.26,1250.9799999999996
10,160.0,130.0,10.0,20.0,0.0,0.0,169.50000000000003,18.59523809523809,2.9000000000000004,49.599999999999994,36.47,22.52,1769.9410000000003
8,26.0,0.0,4.0,18.0,0.0,0.0,232.80000000000004,25.438095238095237,3.1523809523809527,5.200000000000001,36.71,24.16,1169.2980000000002
12,80.0,0.0,70.0,10.0,0.0,0.0,51.9,8.1,2.4904761904761905,24.7,37.21,15.76,1456.7939999999996
9,40.0,10.0,20.0,0.0,0.0,0.0,190.0,20.78095238095238,3.1380952380952385,46.5,37.15,26.57,1737.888
8,20.0,10.0,0.0,0.0,10.0,0.0,246.29999999999998,24.76666666666667,3.0476190476190474,28.0,33.61,26.01,2764.4980000000014
9,100.0,10.0,20.0,30.0,0.0,10.0,135.79999999999998,16.904761904761905,2.804761904761905,174.29999999999998,37.05,21.72,3983.776
9,30.0,10.0,10.0,0.0,10.0,0.0,198.39999999999998,24.328571428571426,3.0142857142857147,7.1,37.08,27.14,1083.577
4,5.0,0.0,0.0,4.6,0.0,0.0,147.5,10.495238095238097,2.7095238095238097,100.00000000000001,37.48,12.52,1573.2220000000002
11,10.0,10.0,0.0,0.0,0.0,0.0,87.49999999999999,10.166666666666668,2.9714285714285715,130.60000000000002,36.45,21.02,2851.177
7,120.0,90.0,0.0,30.0,0.0,0.0,188.29999999999998,22.495238095238097,2.5047619047619043,7.300000000000001,34.3,22.31,4252.4220000000005
3,0.0,0.0,0.0,0.0,0.0,0.0,82.8,6.680952380952381,2.7238095238095235,65.8,38.07,9.32,4231.62
7,20.0,0.0,0.0,0.0,10.0,0.0,191.2,23.1,2.6047619047619044,25.599999999999998,37.6,21.26,1652.5659999999998
5,50.0,0.0,10.0,10.0,20.0,0.0,150.60000000000002,15.257142857142856,3.266666666666667,60.4,37.21,14.72,6721.329000000001
9,2100.0,10.0,2000.0,0.0,0.0,60.0,164.9,18.97142857142857,3.1761904761904765,50.6,34.15,24.13,3518.0449999999996
7,100.0,0.0,10.0,20.0,70.0,0.0,254.20000000000002,24.43809523809524,3.3238095238095244,5.1,35.97,25.16,1250.9799999999996
9,90.0,10.0,30.0,50.0,0.0,0.0,160.4,18.03333333333334,2.6619047619047618,41.3,37.3899993896484,23.9699993133545,2094.3579999999997
9,0.0,0.0,0.0,0.0,0.0,0.0,157.4,19.447619047619046,3.8095238095238093,99.6,36.45,26.6,3276.186
8,10.0,0.0,0.0,0.0,0.0,0.0,184.39999999999998,22.261904761904766,2.9857142857142858,49.199999999999996,38.0,24.2,928.4970000000001
9,0.0,0.0,0.0,0.0,0.0,0.0,177.19999999999996,22.71904761904762,2.80952380952381,45.8,37.0699996948242,26.2299995422363,791.13
7,30.0,0.0,0.0,20.0,10.0,0.0,261.1,25.509523809523806,2.6095238095238096,8.8,36.59,21.8,1897.3509999999997
7,0.0,0.0,0.0,0.0,0.0,0.0,238.59999999999997,24.114285714285714,3.038095238095239,57.79999999999999,36.59,21.8,1414.7939999999999
10,20.0,0.0,20.0,0.0,0.0,0.0,84.89999999999999,13.352380952380955,2.1285714285714286,117.59999999999997,37.56,19.08,2354.4379999999996
9,0.0,0.0,0.0,0.0,0.0,0.0,211.90000000000003,22.385714285714286,3.0476190476190474,22.5,36.65,25.46,1705.3039999999996
7,70.0,40.0,0.0,20.0,10.0,0.0,262.99999999999994,24.061904761904763,2.8857142857142857,7.9,36.89,21.38,2532.8030000000003
2,0.0,0.0,0.0,0.0,0.0,0.0,83.6,5.019047619047619,3.1238095238095234,81.4,36.86,9.85,4780.6359999999995
10,160.0,0.0,70.0,0.0,0.0,90.0,130.2,15.733333333333333,3.0476190476190474,145.39999999999998,36.47,22.15,5741.958999999999
11,30.0,0.0,10.0,10.0,0.0,0.0,99.60000000000001,12.41904761904762,2.5619047619047617,80.5,37.56,19.08,6326.246
10,100.0,0.0,50.0,50.0,0.0,0.0,125.2,16.014285714285716,3.814285714285714,63.6,37.0200004577637,23.3199996948242,1867.4455600000001
9,20.0,10.0,0.0,0.0,10.0,0.0,195.0,20.057142857142857,3.4000000000000004,0.1,37.15,24.75,1641.9
5,140.0,0.0,0.0,10.0,120.0,0.0,182.39999999999995,16.72857142857143,2.7428571428571424,43.2,33.49,17.15,3153.3350000000005
10,420.0,40.0,100.0,120.0,0.0,90.0,130.0,11.614285714285714,3.776190476190476,132.2,36.55,19.54,4003.9760000000006
7,160.0,40.0,0.0,0.0,120.0,0.0,254.59999999999997,22.842857142857138,3.0,16.7,35.61,24.86,3779.8910000000005
1,0.0,0.0,0.0,0.0,0.0,0.0,122.59999999999997,1.5619047619047621,3.6761904761904765,42.9,38.41,9.6,1358.707
10,80.0,0.0,30.0,20.0,20.0,0.0,148.9,18.49047619047619,2.7857142857142856,70.6,36.4199981689453,22.9599990844727,1083.5865599999997
7,24.0,16.0,0.0,4.0,4.0,0.0,237.70000000000002,24.51904761904762,3.028571428571429,11.3,38.07,24.88,1096.7839999999997
10,40.0,0.0,0.0,0.0,0.0,20.0,122.69999999999999,15.914285714285716,3.1428571428571423,27.4,37.16,20.04,1045.132
1,10.0,0.0,0.0,0.0,0.0,0.0,45.5,7.695238095238094,2.657142857142857,71.39999999999999,37.65,12.03,7153.088000000001
11,0.0,0.0,0.0,0.0,0.0,0.0,44.7,12.5,3.0428571428571427,266.3,36.69,16.71,10055.3
11,40.0,0.0,20.0,20.0,0.0,0.0,38.800000000000004,11.90952380952381,2.2952380952380955,50.70000000000001,37.5,16.1,2028.1939999999997
9,50.0,40.0,0.0,0.0,10.0,0.0,191.8,20.238095238095237,2.8571428571428577,145.6,37.12,23.06,1541.1629999999998
8,10.0,10.0,0.0,0.0,0.0,0.0,184.39999999999998,22.261904761904766,2.9857142857142858,49.199999999999996,37.9000015258789,24.5,928.4970000000001
7,36.0,24.0,0.0,8.0,4.0,0.0,237.70000000000002,24.51904761904762,3.028571428571429,11.3,38.06,25.1,1096.7839999999997
8,40.0,30.0,0.0,0.0,10.0,0.0,228.89999999999998,23.942857142857143,3.1238095238095234,40.5,37.12,24.24,1251.6920000000002
10,110.0,0.0,80.0,10.0,0.0,0.0,138.50000000000003,15.63809523809524,2.985714285714286,18.5,37.45,20.04,1428.2500000000002
8,0.0,0.0,0.0,0.0,0.0,0.0,257.7,25.342857142857145,2.9238095238095236,0.0,37.14,26.4,1041.609
11,30.0,20.0,10.0,0.0,0.0,0.0,100.89999999999998,8.085714285714284,3.8000000000000007,9.6,37.68,15.6,1467.3310000000001
8,50.0,10.0,0.0,0.0,30.0,0.0,235.50000000000003,23.038095238095238,3.309523809523809,20.999999999999996,37.38,22.98,1098.361
6,20.0,0.0,0.0,0.0,20.0,0.0,223.49999999999997,22.01904761904762,2.6142857142857143,0.6,31.2299995422363,20.9799995422363,2654.5909999999994
11,40.0,0.0,30.0,10.0,0.0,0.0,44.7,12.5,3.0428571428571427,266.3,34.72,16.58,10055.3
7,50.0,30.0,0.0,0.0,20.0,0.0,242.7,24.633333333333336,2.5047619047619043,19.5,36.41,21.55,3047.347
11,20.0,0.0,0.0,10.0,0.0,0.0,68.8,12.085714285714285,2.4333333333333336,139.59999999999997,37.24,16.25,5937.310000000002
8,90.0,40.0,0.0,20.0,0.0,0.0,231.60000000000002,23.666666666666664,2.8571428571428577,36.599999999999994,36.91,23.61,2766.4349999999995
6,20.0,0.0,0.0,10.0,0.0,0.0,250.90000000000003,24.119047619047617,2.771428571428572,0.0,34.5,18.4799995422363,2664.907
7,490.0,440.0,0.0,0.0,50.0,0.0,241.99999999999997,23.62857142857143,2.604761904761905,2.8000000000000003,29.31,25.46,2580.8239999999996
8,230.0,20.0,80.0,10.0,120.0,0.0,229.0,24.204761904761902,3.1571428571428575,52.1,35.3400001525879,26.7900009155273,1382.578
8,310.0,90.0,170.0,20.0,0.0,0.0,207.3,22.023809523809522,2.8142857142857145,39.0,34.15,24.13,2280.9849999999997
10,80.0,0.0,80.0,0.0,0.0,0.0,103.39999999999999,18.866666666666667,3.3619047619047615,74.79999999999998,36.7,19.73,4137.801
4,0.0,0.0,0.0,0.0,0.0,0.0,142.6,11.657142857142858,3.261904761904762,10.899999999999999,38.2700004577637,7.76000022888184,2489.2999999999997
9,50.0,40.0,0.0,10.0,0.0,0.0,180.49999999999997,19.514285714285712,3.7380952380952386,52.8,36.74,22.93,2549.3280000000004
11,340.0,20.0,160.0,140.0,10.0,0.0,136.4,11.542857142857143,3.0904761904761906,17.6,36.2799987792969,21.7299995422363,1906.5599999999997
6,100.0,0.0,0.0,10.0,60.0,0.0,211.50000000000003,19.21428571428571,2.885714285714286,69.2,34.25,26.23,5932.588999999999
6,18.0,9.0,0.0,0.0,9.0,0.0,178.29999999999998,18.785714285714285,2.5285714285714285,46.0,37.6,17.77,2484.5110000000004
6,220.0,10.0,0.0,10.0,200.0,0.0,248.20000000000002,20.923809523809524,3.1952380952380954,3.5999999999999996,37.21,14.72,3195.047
5,70.0,0.0,0.0,30.0,20.0,0.0,153.4,17.314285714285713,2.9380952380952383,68.8,36.5900001525879,15.6099996566772,6212.515
10,50.0,0.0,10.0,40.0,0.0,0.0,160.79999999999998,15.628571428571428,3.2523809523809524,5.4,37.02,23.0,1821.0469999999998
12,100.0,0.0,80.0,10.0,0.0,0.0,51.9,8.1,2.4904761904761905,24.7,37.41,15.8,1456.7939999999996
6,0.0,0.0,0.0,0.0,0.0,0.0,192.3,19.971428571428575,2.795238095238095,36.5,37.47,14.35,3218.5710000000004
10,24.0,4.0,4.0,12.0,0.0,0.0,118.0,14.333333333333334,2.8476190476190473,34.300000000000004,38.24,18.0,1628.761
7,10.0,0.0,0.0,10.0,0.0,0.0,204.0,22.4,2.776190476190476,63.5,37.6,21.26,2009.8610000000006
7,160.0,0.0,0.0,0.0,160.0,0.0,235.7,22.185714285714283,3.3,15.5,36.91,19.1,3076.9189999999994
5,50.0,0.0,0.0,0.0,40.0,0.0,213.6,20.352380952380955,3.1999999999999993,18.5,35.19,18.83,3789.158
7,270.0,90.0,10.0,50.0,120.0,0.0,254.59999999999997,22.842857142857138,3.0,16.7,34.89,24.46,3779.8910000000005
9,60.0,20.0,20.0,0.0,10.0,0.0,176.5,18.685714285714283,3.8,52.6,36.74,22.93,2871.9960000000005
10,80.0,0.0,20.0,50.0,0.0,0.0,127.4,18.042857142857144,3.59047619047619,167.10000000000002,37.8300018310547,23.6800003051758,4750.194
7,300.0,20.0,250.0,10.0,20.0,0.0,248.29999999999998,23.285714285714285,3.0095238095238095,26.6,37.2999992370605,22.7199993133545,1428.286
3,0.0,0.0,0.0,0.0,0.0,0.0,182.59999999999997,7.0,3.238095238095238,0.2,38.16,6.24,778.9
8,30.0,20.0,0.0,10.0,0.0,0.0,231.4,23.714285714285708,2.7476190476190476,26.299999999999997,37.7700004577637,22.1100006103516,1561.3280000000002
10,10.0,0.0,10.0,0.0,0.0,0.0,112.6,15.423809523809526,3.8380952380952387,242.20000000000005,37.4599990844727,24.0699996948242,6575.720000000001
7,70.0,30.0,0.0,0.0,40.0,0.0,242.7,24.633333333333336,2.5047619047619043,19.5,36.68,21.46,3047.347
5,170.0,20.0,10.0,10.0,120.0,0.0,137.00000000000003,14.995238095238097,2.4714285714285715,79.1,34.91,15.49,3132.5680000000007
11,200.0,0.0,70.0,30.0,0.0,40.0,43.199999999999996,12.547619047619047,2.6333333333333337,112.0,35.68,17.47,7692.456
8,110.0,70.0,0.0,40.0,0.0,0.0,227.70000000000002,22.514285714285712,2.9761904761904763,40.7,36.95,24.96,2748.8739999999993
8,30.0,20.0,0.0,10.0,0.0,0.0,231.60000000000002,23.666666666666664,2.8571428571428577,36.599999999999994,37.1,22.94,2766.4349999999995
7,80.0,10.0,0.0,10.0,60.0,0.0,204.99999999999997,21.861904761904764,2.6380952380952385,78.49999999999999,37.2,25.9,1870.7399999999998
7,40.0,10.0,20.0,0.0,10.0,0.0,253.0,24.80476190476191,2.7142857142857144,42.0,36.0,22.9500007629395,1883.5040000000001
6,20.0,0.0,0.0,0.0,10.0,0.0,203.3,20.75714285714286,2.295238095238095,11.1,36.99,20.56,3254.5340000000006
10,30.0,10.0,10.0,10.0,0.0,0.0,197.10000000000002,19.219047619047622,3.9095238095238094,62.8,35.9300003051758,25.2900009155273,1274.873
11,30.0,0.0,10.0,20.0,0.0,0.0,94.59999999999998,10.804761904761904,3.7380952380952372,35.0,37.73,19.0,1681.514
10,40.0,0.0,40.0,0.0,0.0,0.0,127.4,18.042857142857144,3.59047619047619,167.10000000000002,37.4599990844727,24.0699996948242,4750.194
2,20.0,0.0,0.0,20.0,0.0,0.0,60.5,6.238095238095239,2.8047619047619046,71.0,36.5999984741211,10.3999996185303,8280.679999999998
10,52.0,0.0,9.0,43.0,0.0,0.0,132.50000000000003,19.03333333333333,3.528571428571429,67.2,37.5099983215332,22.6499996185303,2150.4809999999998
7,18.0,0.0,9.0,9.0,0.0,0.0,189.20000000000002,21.30952380952381,3.2142857142857144,73.8,34.25,22.4,3074.1939999999995
6,180.0,28.999999999999996,0.0,80.0,36.0,0.0,256.9,21.9,2.6142857142857143,8.0,35.47,25.58,2107.5000000000005
9,228.0,0.0,222.0,6.0,0.0,0.0,103.40000000000002,14.77142857142857,2.704761904761905,219.9,37.53,21.68,1852.896
7,50.0,0.0,0.0,40.0,0.0,0.0,268.3,25.58095238095238,2.8809523809523805,6.8999999999999995,36.64,24.57,2031.5430000000003
7,50.0,20.0,0.0,20.0,10.0,0.0,241.39999999999998,24.74761904761905,2.8380952380952382,3.5999999999999996,37.72,24.56,934.5789999999998
9,44.0,32.0,0.0,12.0,0.0,0.0,212.8,23.29523809523809,3.4571428571428577,25.1,37.93,27.77,906.265
11,100.0,0.0,30.0,20.0,0.0,50.0,64.80000000000001,12.25238095238095,3.2857142857142856,95.2,35.68,17.47,6432.768999999999
12,10.0,0.0,0.0,10.0,0.0,0.0,71.50000000000001,7.233333333333333,2.276190476190476,17.0,35.02,15.38,6806.818
12,20.0,0.0,0.0,0.0,0.0,0.0,64.30000000000001,7.114285714285713,3.2904761904761903,197.99999999999997,37.6599998474121,16.8500003814697,4678.399
7,70.0,0.0,0.0,10.0,60.0,0.0,226.69999999999996,25.257142857142856,2.7428571428571433,3.5999999999999996,37.37,21.84,1041.494
6,0.0,0.0,0.0,0.0,0.0,0.0,231.00000000000003,23.6047619047619,2.8428571428571425,13.8,33.65,23.38,2201.58
9,100.0,50.0,10.0,0.0,40.0,0.0,222.60000000000005,23.876190476190477,3.5904761904761906,14.299999999999999,35.14,25.92,1682.7490000000003
9,30.0,20.0,0.0,10.0,0.0,0.0,197.40000000000003,23.157142857142862,3.1904761904761907,94.7,36.0800018310547,25.9699993133545,2006.7520000000002
7,5760.0,916.0,15.0,174.0,4639.0,0.0,215.50000000000003,23.29047619047619,2.619047619047619,9.6,35.3,25.66,1689.7299999999993
9,20.0,0.0,10.0,10.0,0.0,0.0,177.2,19.65714285714286,2.752380952380953,17.0,37.33,23.01,1714.5400000000002
4,0.0,0.0,0.0,0.0,0.0,0.0,121.7,12.966666666666667,3.038095238095238,79.9,36.42,12.74,6058.785999999999
10,50.0,0.0,10.0,30.0,0.0,0.0,126.09999999999998,18.604761904761908,3.3285714285714287,87.19999999999999,37.2400016784668,24.4599990844727,1898.342
4,10.0,0.0,0.0,10.0,0.0,0.0,134.0,13.061904761904762,3.076190476190477,88.3,38.01,12.39,2739.733
4,40.0,0.0,0.0,0.0,40.0,0.0,134.0,13.314285714285715,2.3809523809523805,82.0,35.9000015258789,15.75,3874.458000000001
6,80.0,10.0,0.0,0.0,70.0,0.0,175.5,17.261904761904763,3.0904761904761906,60.6,37.26,17.52,2642.132
8,1380.0,727.0,0.0,204.0,422.0,0.0,213.29999999999998,20.423809523809524,2.8476190476190473,69.1,31.07,23.95,2579.5500000000006
10,120.0,0.0,70.0,40.0,10.0,0.0,125.2,16.014285714285716,3.814285714285714,63.6,36.8600006103516,23.2600002288818,1867.4455600000001
8,10.0,0.0,0.0,10.0,0.0,0.0,208.19999999999996,24.45714285714286,3.0238095238095237,68.1,36.94,25.18,1425.5109999999997
1,0.0,0.0,0.0,0.0,0.0,0.0,124.79999999999998,4.609523809523809,2.6476190476190475,0.0,37.91,14.11,6052.718999999999
9,100.0,80.0,20.0,0.0,0.0,0.0,222.60000000000005,23.876190476190477,3.5904761904761906,14.299999999999999,35.3699989318848,24.6399993896484,1682.7490000000003
4,50.0,0.0,10.0,10.0,10.0,0.0,174.59999999999997,12.180952380952382,2.8476190476190477,46.300000000000004,37.91,14.57,1694.492
11,760.0,28.999999999999996,393.0,262.0,0.0,0.0,42.60000000000001,12.704761904761906,3.352380952380952,257.5,37.19,17.5,16039.869999999999
8,10.0,10.0,0.0,0.0,0.0,0.0,236.4,23.990476190476194,3.1619047619047613,28.1,37.67,26.15,1255.9470000000001
9,20.0,0.0,20.0,0.0,0.0,0.0,153.0,19.738095238095244,3.2190476190476187,78.9,37.14,26.4,1100.9759999999999
5,20.0,0.0,0.0,10.0,10.0,0.0,161.50000000000003,14.952380952380953,2.776190476190476,74.10000000000001,37.49,15.14,4222.006
9,540.0,65.0,28.999999999999996,80.0,28.999999999999996,28.999999999999996,183.8,21.152380952380952,3.1380952380952385,58.699999999999996,36.19,22.39,766.8359999999999
10,20.0,0.0,20.0,0.0,0.0,0.0,115.0,14.63809523809524,2.223809523809524,103.4,36.97,23.83,3825.681
8,70.0,20.0,0.0,10.0,40.0,0.0,229.0,24.204761904761902,3.1571428571428575,52.1,35.3499984741211,26.3799991607666,1382.578
10,90.0,0.0,40.0,40.0,10.0,0.0,148.9,18.49047619047619,2.7857142857142856,70.6,37.0200004577637,23.3199996948242,1083.5865599999997
10,0.0,0.0,0.0,0.0,0.0,0.0,99.4,13.933333333333332,2.8666666666666667,51.300000000000004,36.01,17.8,4747.222
12,10.0,0.0,0.0,10.0,0.0,0.0,64.4,6.371428571428572,2.980952380952381,114.39999999999999,37.8800010681152,15.5,3357.0359999999996
6,530.0,50.0,0.0,0.0,480.0,0.0,194.69999999999996,20.552380952380954,3.276190476190476,7.0,34.64,23.06,3707.952000000001
12,20.0,0.0,20.0,0.0,0.0,0.0,56.5,11.480952380952381,2.8333333333333335,107.9,34.72,16.58,12458.008999999998
8,50.0,0.0,10.0,20.0,20.0,0.0,263.6,25.666666666666668,3.614285714285714,4.6,35.97,25.16,1097.924
9,30.0,0.0,20.0,10.0,0.0,0.0,177.2,19.65714285714286,2.752380952380953,17.0,37.57,22.61,1714.5400000000002
12,0.0,0.0,0.0,0.0,0.0,0.0,64.3,8.547619047619046,2.4666666666666663,81.1,36.54,16.48,8264.098
10,0.0,0.0,0.0,0.0,0.0,0.0,132.3,14.666666666666664,2.9095238095238094,22.1,37.13,19.74,2135.272
2,10.0,0.0,0.0,10.0,0.0,0.0,71.2,5.5095238095238095,2.5142857142857142,109.60000000000001,38.15,9.19,4527.7210000000005
9,20.0,0.0,10.0,10.0,0.0,0.0,152.60000000000002,17.876190476190477,3.057142857142858,107.2,37.67,26.15,1215.9579999999999
6,40.0,0.0,10.0,10.0,20.0,0.0,232.99999999999997,19.204761904761906,2.6857142857142855,51.9,36.67,15.52,3146.500999999999
9,20.0,0.0,20.0,0.0,0.0,0.0,113.19999999999999,15.276190476190473,3.080952380952381,18.400000000000002,37.26,25.46,1303.5460000000003
5,0.0,0.0,0.0,0.0,0.0,0.0,161.50000000000003,14.952380952380953,2.776190476190476,74.10000000000001,37.65,15.11,4222.006
7,150.0,0.0,0.0,0.0,150.0,0.0,248.79999999999998,23.34285714285714,3.185714285714286,14.799999999999999,36.91,19.1,2022.528
9,60.0,5.0,0.0,55.0,0.0,0.0,174.70000000000002,20.30952380952381,3.2571428571428576,39.2,37.4700012207031,23.1000003814697,1397.4300000000003
6,100.0,0.0,0.0,0.0,100.0,0.0,204.99999999999997,19.495238095238097,2.961904761904762,29.4,37.6,20.48,2188.205
11,30.0,0.0,10.0,10.0,0.0,0.0,80.4,11.166666666666666,2.757142857142857,0.0,37.13,19.74,2053.98
7,10.0,0.0,0.0,0.0,10.0,0.0,261.1,25.509523809523806,2.6095238095238096,8.8,34.63,23.63,1897.3509999999997
11,10.0,0.0,0.0,0.0,0.0,0.0,100.89999999999998,8.085714285714284,3.8000000000000007,9.6,24.27,14.73,1467.3310000000001
5,10.0,0.0,10.0,0.0,0.0,0.0,174.89999999999998,16.242857142857144,3.2238095238095235,17.5,38.0400009155273,13.0900001525879,2390.348
4,10.0,10.0,0.0,0.0,0.0,0.0,134.0,13.314285714285715,2.3809523809523805,82.0,35.89,15.02,3874.458000000001
8,1410.0,676.0,371.0,87.0,160.0,0.0,244.00000000000006,24.533333333333335,3.3523809523809525,2.4,35.3,25.66,1763.9450000000004
10,100.0,0.0,60.0,10.0,0.0,0.0,126.50000000000001,13.423809523809526,2.8476190476190473,29.900000000000002,35.78,17.73,5786.967000000002
11,20.0,0.0,0.0,10.0,0.0,0.0,99.3,11.138095238095238,2.7095238095238097,41.9,36.8899993896484,16.7099990844727,3011.675999999999
2,20.0,0.0,0.0,10.0,0.0,10.0,71.2,5.5095238095238095,2.5142857142857142,109.60000000000001,38.41,9.6,4527.7210000000005
6,410.0,10.0,0.0,50.0,350.0,0.0,194.69999999999996,20.552380952380954,3.276190476190476,7.0,34.44,22.53,3707.952000000001
7,70.0,10.0,0.0,40.0,0.0,0.0,251.60000000000005,26.376190476190477,2.9571428571428573,35.3,35.6,26.81,1485.2160000000001
7,20.0,20.0,0.0,0.0,0.0,0.0,223.69999999999996,24.538095238095234,2.4619047619047616,15.7,37.15,24.76,1948.9539999999997
6,1430.0,553.0,131.0,102.0,523.0,0.0,189.10000000000002,19.123809523809523,3.1952380952380954,120.39999999999998,36.27,19.9,3032.232000000001
8,80.0,70.0,0.0,10.0,0.0,0.0,236.19999999999996,24.861904761904764,2.804761904761905,18.5,37.2799987792969,24.5799999237061,1346.7880000000002
12,0.0,0.0,0.0,0.0,0.0,0.0,42.99999999999999,6.8428571428571425,2.2333333333333334,158.79999999999998,33.0,14.8,10683.316
2,10.0,0.0,0.0,10.0,0.0,0.0,60.5,6.238095238095239,2.8047619047619046,71.0,36.2999992370605,10.3999996185303,8280.679999999998
12,10.0,0.0,0.0,0.0,0.0,0.0,56.79999999999999,9.738095238095237,2.276190476190476,43.4,35.94,17.55,9780.938
6,30.0,10.0,0.0,0.0,20.0,0.0,155.20000000000002,20.39047619047619,2.480952380952381,118.40000000000002,36.68,21.46,4058.928000000001
4,20.0,0.0,0.0,10.0,10.0,0.0,194.80000000000004,12.80952380952381,3.1666666666666674,5.2,36.92,9.61,1924.614
11,0.0,0.0,0.0,0.0,0.0,0.0,99.60000000000001,12.41904761904762,2.5619047619047617,80.5,37.61,19.27,6326.246
11,20.0,0.0,0.0,0.0,0.0,10.0,107.99999999999999,13.047619047619047,3.9952380952380957,92.7,37.58,21.3,9588.052
6,0.0,0.0,0.0,0.0,0.0,0.0,193.60000000000002,16.63809523809524,2.9523809523809526,42.8,34.5,17.7999992370605,8799.756
9,10.0,0.0,0.0,10.0,0.0,0.0,169.9,21.276190476190475,3.2428571428571424,43.9,36.47,22.52,1806.7720000000002
9,64.0,0.0,40.0,8.0,0.0,0.0,176.4,17.123809523809523,3.104761904761905,111.1,38.2,20.91,906.9329999999999
10,80.0,0.0,20.0,50.0,0.0,0.0,115.6,14.961904761904762,2.4904761904761905,115.19999999999999,35.35,20.21,3608.8099999999995
11,30.0,0.0,0.0,0.0,0.0,20.0,107.99999999999999,13.047619047619047,3.9952380952380957,92.7,37.38,20.94,9588.052
7,20.0,0.0,0.0,20.0,0.0,0.0,230.60000000000002,24.542857142857137,3.10952380952381,76.0,33.65,23.38,2379.706
1,10.0,0.0,0.0,10.0,0.0,0.0,29.700000000000003,4.942857142857143,1.4761904761904763,11.200000000000001,37.01,10.03,7389.532
4,40.0,0.0,0.0,0.0,30.0,0.0,101.99999999999999,10.923809523809522,2.9857142857142858,114.9,36.63,14.09,7210.684
3,0.0,0.0,0.0,0.0,0.0,0.0,136.60000000000002,5.490476190476191,4.495238095238095,21.099999999999998,36.11,9.3,1941.6830000000002
6,20.0,0.0,0.0,10.0,0.0,0.0,232.99999999999997,19.204761904761906,2.6857142857142855,51.9,36.39,16.05,3146.500999999999
8,110.0,90.0,10.0,10.0,0.0,0.0,207.3,22.023809523809522,2.8142857142857145,39.0,34.03,24.38,2280.9849999999997
8,50.0,30.0,0.0,10.0,10.0,0.0,249.0,24.280952380952378,3.0047619047619043,14.4,35.74,25.51,1394.6009999999999
10,40.0,0.0,10.0,20.0,0.0,10.0,104.89999999999998,17.361904761904764,2.580952380952381,112.8,35.35,20.21,3541.3219999999997
9,104.0,16.0,28.0,28.0,4.0,0.0,176.4,17.123809523809523,3.104761904761905,111.1,38.2,21.09,906.9329999999999
7,80.0,50.0,0.0,10.0,20.0,0.0,223.69999999999996,24.538095238095234,2.4619047619047616,15.7,36.89,25.91,1948.9539999999997
6,0.0,0.0,0.0,0.0,0.0,0.0,250.90000000000003,24.119047619047617,2.771428571428572,0.0,36.0,22.9500007629395,2664.907
10,40.0,10.0,10.0,10.0,0.0,0.0,152.7,17.58095238095238,2.8571428571428568,42.5,36.67,23.04,1684.139
10,10.0,0.0,10.0,0.0,0.0,0.0,131.69999999999996,12.19047619047619,3.5999999999999996,42.9,37.68,18.97,2531.782
6,30.0,0.0,0.0,0.0,30.0,0.0,155.20000000000002,20.39047619047619,2.480952380952381,118.40000000000002,37.27,20.88,4058.928000000001
8,40.0,0.0,20.0,20.0,0.0,0.0,218.9,23.428571428571427,3.6714285714285713,46.7,36.74,22.93,915.715
9,10.0,10.0,0.0,0.0,0.0,0.0,169.9,21.276190476190475,3.2428571428571424,43.9,36.06,22.3,1806.7720000000002
7,60.0,0.0,20.0,20.0,10.0,0.0,251.60000000000005,26.376190476190477,2.9571428571428573,35.3,35.67,27.01,1485.2160000000001
9,190.0,190.0,0.0,0.0,0.0,0.0,243.4,23.652380952380952,3.0190476190476185,24.3,35.38,25.92,1231.105
9,10.0,0.0,0.0,10.0,0.0,0.0,168.2,19.395238095238092,3.3857142857142852,87.6,37.9000015258789,24.5,860.193
9,60.0,0.0,50.0,10.0,0.0,0.0,157.89999999999998,20.647619047619052,3.1523809523809527,123.7,37.38,22.98,2352.25
10,220.0,0.0,120.0,0.0,0.0,100.0,130.2,15.733333333333333,3.0476190476190474,145.39999999999998,36.85,23.16,5741.958999999999
9,50.0,0.0,10.0,20.0,0.0,0.0,168.40000000000003,19.628571428571426,3.1333333333333333,144.10000000000002,35.7400016784668,24.7399997711182,3777.0789999999997
10,290.0,0.0,250.0,20.0,0.0,0.0,103.39999999999999,18.866666666666667,3.3619047619047615,74.79999999999998,37.32,19.11,4137.801
6,110.0,0.0,0.0,0.0,110.0,0.0,228.50000000000003,22.44285714285714,2.8761904761904766,20.8,36.71,17.66,1707.9539999999997
6,60.0,0.0,0.0,40.0,10.0,0.0,215.79999999999998,22.947619047619046,2.676190476190476,28.3,37.6,21.26,2643.3179999999993
11,20.0,0.0,0.0,10.0,0.0,10.0,78.10000000000001,10.895238095238094,3.052380952380952,15.600000000000001,37.44,16.37,11829.506000000003
1,10.0,0.0,0.0,0.0,0.0,0.0,29.700000000000003,4.942857142857143,1.4761904761904763,11.200000000000001,36.72,9.72,7389.532
9,140.0,131.0,3.0,3.0,0.0,0.0,188.79999999999998,20.538095238095234,2.9476190476190474,21.0,37.39,21.73,1472.6110000000003
9,40.0,40.0,0.0,0.0,0.0,0.0,243.4,23.652380952380952,3.0190476190476185,24.3,35.34,26.27,1231.105
9,169.0,18.0,20.0,0.0,54.0,0.0,152.1,17.814285714285713,3.4952380952380957,89.20000000000002,36.49,21.31,2693.038
8,10.0,0.0,0.0,0.0,10.0,0.0,246.29999999999998,24.76666666666667,3.0476190476190474,28.0,33.56,25.5,2764.4980000000014
7,60.0,0.0,0.0,10.0,20.0,0.0,195.39999999999998,22.457142857142856,2.380952380952381,61.199999999999996,36.5800018310547,21.6599998474121,6257.548000000002
6,30.0,0.0,0.0,10.0,0.0,0.0,215.79999999999998,22.947619047619046,2.676190476190476,28.3,37.2099990844727,22.7900009155273,2643.3179999999993
8,30.0,30.0,0.0,0.0,0.0,0.0,150.7,21.25714285714286,2.8904761904761904,195.29999999999998,37.9,24.87,1449.2300000000002
